"wl";"up_coef";"dw_coef";"wl_F";"up_coef_F";"dw_coef_F";"Device ID"
341.953572143014;0.010080163956654;0.00223868051670348;341.953572143014;0.010080163956654;0.00223868051670348;"AIRFLOX07FZJ"
342.72421558197;0.00999259554776753;0.00221810971252037;342.72421558197;0.00999259554776753;0.00221810971252037;"Date"
343.494661274712;0.00990504960883337;0.00219754418678179;343.494661274712;0.00990504960883337;0.00219754418678179;"20230531"
344.264909217099;0.00981752614032205;0.00217698393959828;344.264909217099;0.00981752614032205;0.00217698393959828;"Technician"
345.034959404988;0.00973002514270437;0.00215642897108042;345.034959404988;0.00973002514270437;0.00215642897108042;"Mitch"
345.804811834235;0.00964254661645119;0.00213587928133884;345.804811834235;0.00964254661645119;0.00213587928133884;"Place"
346.5744665007;0.00955509056203295;0.00211533487048403;346.5744665007;0.00955509056203295;0.00211533487048403;"JB HQ"
347.343923400239;0.00946765697992053;0.00209479573862663;347.343923400239;0.00946765697992053;0.00209479573862663;""
348.11318252871;0.0093802458705846;0.00207426188587718;348.11318252871;0.0093802458705846;0.00207426188587718;""
348.882243881971;0.00929285723449579;0.00205373331234626;348.882243881971;0.00929285723449579;0.00205373331234626;""
349.651107455879;0.0092054910721249;0.00203321001814445;349.651107455879;0.0092054910721249;0.00203321001814445;""
350.419773246293;0.00911814738394245;0.00201269200338229;350.419773246293;0.00911814738394245;0.00201269200338229;""
351.188241249069;0.00903082617041934;0.00199217926817039;351.188241249069;0.00903082617041934;0.00199217926817039;""
351.956511460065;0.00894352743202621;0.00197167181261932;351.956511460065;0.00894352743202621;0.00197167181261932;""
352.724583875139;0.00885625116923373;0.00195116963683963;352.724583875139;0.00885625116923373;0.00195116963683963;""
353.492458490149;0.00876899738251255;0.0019306727409419;353.492458490149;0.00876899738251255;0.0019306727409419;""
354.260135300951;0.00868176607233355;0.00191018112503673;354.260135300951;0.00868176607233355;0.00191018112503673;""
355.027614303405;0.00859455723916717;0.00188969478923464;355.027614303405;0.00859455723916717;0.00188969478923464;""
355.794895493366;0.0085073708834844;0.00186921373364626;355.794895493366;0.0085073708834844;0.00186921373364626;""
356.561978866694;0.00842020700575567;0.00184873795838212;356.561978866694;0.00842020700575567;0.00184873795838212;""
357.328864419245;0.00833306560645187;0.00182826746355282;357.328864419245;0.00833306560645187;0.00182826746355282;""
358.095552146878;0.00824594668604354;0.0018078022492689;358.095552146878;0.00824594668604354;0.0018078022492689;""
358.862042045449;0.00815885024500155;0.00178734231564097;358.862042045449;0.00815885024500155;0.00178734231564097;""
359.628334110817;0.00807177628379647;0.00176688766277957;359.628334110817;0.00807177628379647;0.00176688766277957;""
360.394428338838;0.00798472480289916;0.00174643829079532;360.394428338838;0.00798472480289916;0.00174643829079532;""
361.160324725372;0.00789769580278006;0.00172599419979873;361.160324725372;0.00789769580278006;0.00172599419979873;""
361.926023266274;0.00781068928391016;0.00170555538990044;361.926023266274;0.00781068928391016;0.00170555538990044;""
362.691523957404;0.0077237052467599;0.00168512186121095;362.691523957404;0.0077237052467599;0.00168512186121095;""
363.456826794618;0.00763674369180015;0.00166469361384089;363.456826794618;0.00763674369180015;0.00166469361384089;""
364.221931773774;0.00754980461950159;0.00164427064790081;364.221931773774;0.00754980461950159;0.00164427064790081;""
364.98683889073;0.00746288803033485;0.00162385296350129;364.98683889073;0.00746288803033485;0.00162385296350129;""
365.751548141344;0.00737599392477059;0.00160344056075287;365.751548141344;0.00737599392477059;0.00160344056075287;""
366.516059521472;0.00728912230327971;0.00158303343976618;366.516059521472;0.00728912230327971;0.00158303343976618;""
367.280373026973;0.00720227316633275;0.00156263160065175;367.280373026973;0.00720227316633275;0.00156263160065175;""
368.044488653705;0.00711544651440035;0.00154223504352015;368.044488653705;0.00711544651440035;0.00154223504352015;""
368.808406397524;0.00702864234795341;0.00152184376848199;368.808406397524;0.00702864234795341;0.00152184376848199;""
369.572126254288;0.00694186066746258;0.00150145777564784;369.572126254288;0.00694186066746258;0.00150145777564784;""
370.335648219856;0.0068551014733984;0.00148107706512822;370.335648219856;0.0068551014733984;0.00148107706512822;""
371.098972290085;0.00676836476623166;0.00146070163703373;371.098972290085;0.00676836476623166;0.00146070163703373;""
371.862098460832;0.0066816505464331;0.00144033149147496;371.862098460832;0.0066816505464331;0.00144033149147496;""
372.625026727954;0.00659495881447351;0.0014199666285625;372.625026727954;0.00659495881447351;0.0014199666285625;""
373.387757087311;0.0065082895708233;0.00139960704840685;373.387757087311;0.0065082895708233;0.00139960704840685;""
374.150289534758;0.0064216428159535;0.00137925275111867;374.150289534758;0.0064216428159535;0.00137925275111867;""
374.912624066154;0.00633501855033462;0.00135890373680847;374.912624066154;0.00633501855033462;0.00135890373680847;""
375.674760677357;0.00624841677443733;0.00133856000558684;375.674760677357;0.00624841677443733;0.00133856000558684;""
376.436699364224;0.00616183748873241;0.00131822155756435;376.436699364224;0.00616183748873241;0.00131822155756435;""
377.198440122613;0.0060752806936905;0.00129788839285157;377.198440122613;0.0060752806936905;0.00129788839285157;""
377.95998294838;0.0059887463897825;0.00127756051155912;377.95998294838;0.0059887463897825;0.00127756051155912;""
378.721327837385;0.00590223457747882;0.0012572379137975;378.721327837385;0.00590223457747882;0.0012572379137975;""
379.482474785484;0.00581574525725036;0.00123692059967733;379.482474785484;0.00581574525725036;0.00123692059967733;""
380.243423788536;0.00572927842956765;0.00121660856930914;380.243423788536;0.00572927842956765;0.00121660856930914;""
381.004174842397;0.00564283409490159;0.00119630182280356;381.004174842397;0.00564283409490159;0.00119630182280356;""
381.764727942926;0.0055564122537227;0.00117600036027111;381.764727942926;0.0055564122537227;0.00117600036027111;""
382.525083085979;0.00547001290650188;0.00115570418182242;382.525083085979;0.00547001290650188;0.00115570418182242;""
383.285240267415;0.00538363605370968;0.00113541328756802;383.285240267415;0.00538363605370968;0.00113541328756802;""
384.045199483092;0.00529728169581674;0.00111512767761847;384.045199483092;0.00529728169581674;0.00111512767761847;""
384.804960728866;0.00521094983329395;0.00109484735208438;384.804960728866;0.00521094983329395;0.00109484735208438;""
385.564524000596;0.00512464046661185;0.0010745723110763;385.564524000596;0.00512464046661185;0.0010745723110763;""
386.323889294139;0.00503835359624122;0.00105430255470481;386.323889294139;0.00503835359624122;0.00105430255470481;""
387.083056605352;0.00495208922265282;0.0010340380830805;387.083056605352;0.00495208922265282;0.0010340380830805;""
387.842025930094;0.0048658473463172;0.00101377889631392;387.842025930094;0.0048658473463172;0.00101377889631392;""
388.600797264222;0.00477962796770512;0.000993524994515633;388.600797264222;0.00477962796770512;0.000993524994515633;""
389.359370603594;0.00469343108728725;0.00097327637779622;389.359370603594;0.00469343108728725;0.00097327637779622;""
390.117745944066;0.00460725670553446;0.000953033046266293;390.117745944066;0.00460725670553446;0.000953033046266293;""
390.875923281498;0.00453264457729134;0.000933500087023864;390.875923281498;0.00453264457729134;0.000933500087023864;""
391.633902611746;0.00447744162943094;0.000915305285243052;391.633902611746;0.00447744162943094;0.000915305285243052;""
392.391683930668;0.00443611511264815;0.000898332823322661;392.391683930668;0.00443611511264815;0.000898332823322661;""
393.149267234122;0.00440314092960223;0.00088246706380484;393.149267234122;0.00440314092960223;0.00088246706380484;""
393.906652517965;0.00437300362956954;0.00086759254926388;393.906652517965;0.00437300362956954;0.00086759254926388;""
394.663839778055;0.00434019640309711;0.000853594002194973;394.663839778055;0.00434019640309711;0.000853594002194973;""
395.420829010249;0.00430041453163081;0.000840369645708206;395.420829010249;0.00430041453163081;0.000840369645708206;""
396.177620210406;0.00425413200101801;0.00082787112402077;396.177620210406;0.00425413200101801;0.00082787112402077;""
396.934213374382;0.00420301457874803;0.000816063466794511;396.934213374382;0.00420301457874803;0.000816063466794511;""
397.690608498036;0.00414872542372759;0.00080491175784037;397.690608498036;0.00414872542372759;0.00080491175784037;""
398.446805577224;0.00409292508789618;0.000794381135085029;398.446805577224;0.00409292508789618;0.000794381135085029;""
399.202804607806;0.00403727151784035;0.000784436790537366;399.202804607806;0.00403727151784035;0.000784436790537366;""
399.958605585638;0.00398342005640871;0.000775043970255129;399.958605585638;0.00398342005640871;0.000775043970255129;""
400.714208506577;0.00393262936381324;0.000766163101899279;400.714208506577;0.00393262936381324;0.000766163101899279;""
401.469613366482;0.00388458041711493;0.000757735192788174;401.469613366482;0.00388458041711493;0.000757735192788174;""
402.22482016121;0.00383856092130274;0.000749696473904902;402.22482016121;0.00383856092130274;0.000749696473904902;""
402.979828886619;0.00379385969907983;0.000741983276079912;402.979828886619;0.00379385969907983;0.000741983276079912;""
403.734639538566;0.00374976669017027;0.000734532029929106;403.734639538566;0.00374976669017027;0.000734532029929106;""
404.489252112909;0.00370557295062556;0.000727279265791912;404.489252112909;0.00370557295062556;0.000727279265791912;""
405.243666605506;0.0036605706521315;0.000720161613669399;405.243666605506;0.0036605706521315;0.000720161613669399;""
405.997883012214;0.00361421647251813;0.00071311227548041;405.997883012214;0.00361421647251813;0.00071311227548041;""
406.751901328891;0.00356662125377958;0.000706050453070532;406.751901328891;0.00356662125377958;0.000706050453070532;""
407.505721551394;0.00351805892713667;0.000698891950641294;407.505721551394;0.00351805892713667;0.000698891950641294;""
408.259343675581;0.00346880299332941;0.000691552705129787;408.259343675581;0.00346880299332941;0.000691552705129787;""
409.01276769731;0.00341912652288472;0.0006839487861261;409.01276769731;0.00341912652288472;0.0006839487861261;""
409.765993612438;0.00336930215638403;0.000675996395790775;409.765993612438;0.00336930215638403;0.000675996395790775;""
410.519021416824;0.00331961478244633;0.000667652751042424;410.519021416824;0.00331961478244633;0.000667652751042424;""
411.271851106323;0.00327039953112361;0.000659038601233669;411.271851106323;0.00327039953112361;0.000659038601233669;""
412.024482676795;0.00322200367102025;0.000650315355525266;412.024482676795;0.00322200367102025;0.000650315355525266;""
412.776916124097;0.00317477392191135;0.000641644168499557;412.776916124097;0.00317477392191135;0.000641644168499557;""
413.529151444086;0.00312905645508464;0.00063318594031905;413.529151444086;0.00312905645508464;0.00063318594031905;""
414.28118863262;0.00308519689368242;0.00062510131688499;414.28118863262;0.00308519689368242;0.00062510131688499;""
415.033027685556;0.00304354031304361;0.000617550689995931;415.033027685556;0.00304354031304361;0.000617550689995931;""
415.784668598753;0.00300430092616656;0.000610646920236717;415.784668598753;0.00300430092616656;0.000610646920236717;""
416.536111368068;0.00296717155159543;0.000604313654864788;416.536111368068;0.00296717155159543;0.000604313654864788;""
417.287355989358;0.00293171527936868;0.000598427421339672;417.287355989358;0.00293171527936868;0.000598427421339672;""
418.038402458482;0.00289749588855169;0.000592864941868993;418.038402458482;0.00289749588855169;0.000592864941868993;""
418.789250771296;0.002864077846807;0.000587503133286963;418.789250771296;0.002864077846807;0.000587503133286963;""
419.539900923659;0.00283102630996406;0.000582219106932819;419.539900923659;0.00283102630996406;0.000582219106932819;""
420.290352911427;0.00279790712158973;0.000576890168529368;420.290352911427;0.00279790712158973;0.000576890168529368;""
421.040606730459;0.00276441141104004;0.000571423672411421;421.040606730459;0.00276441141104004;0.000571423672411421;""
421.790662376612;0.00273072899358963;0.000565846489837608;421.790662376612;0.00273072899358963;0.000565846489837608;""
422.540519845744;0.00269717388383781;0.000560215280319845;422.540519845744;0.00269717388383781;0.000560215280319845;""
423.290179133713;0.00266405959877947;0.000554586613666485;423.290179133713;0.00266405959877947;0.000554586613666485;""
424.039640236375;0.00263169915811648;0.00054901697003845;424.039640236375;0.00263169915811648;0.00054901697003845;""
424.78890314959;0.0026004050845688;0.000543562740005305;424.78890314959;0.0026004050845688;0.000543562740005305;""
425.537967869213;0.00257048940418608;0.000538280224601421;425.537967869213;0.00257048940418608;0.000538280224601421;""
426.286834391104;0.0025421574350207;0.000533208113176132;426.286834391104;0.0025421574350207;0.000533208113176132;""
427.035502711119;0.00251518948981257;0.000528314972475974;427.035502711119;0.00251518948981257;0.000528314972475974;""
427.783972825116;0.00248926010117964;0.000523551910647666;427.783972825116;0.00248926010117964;0.000523551910647666;""
428.532244728953;0.00246404431728604;0.000518870113311569;428.532244728953;0.00246404431728604;0.000518870113311569;""
429.280318418487;0.00243921770151891;0.00051422084351313;429.280318418487;0.00243921770151891;0.00051422084351313;""
430.028193889577;0.00241445633216525;0.000509555441674311;430.028193889577;0.00241445633216525;0.000509555441674311;""
430.775871138079;0.00238949426914576;0.000504834959810633;430.775871138079;0.00238949426914576;0.000504834959810633;""
431.523350159851;0.00236429577205567;0.000500059033632134;431.523350159851;0.00236429577205567;0.000500059033632134;""
432.270630950751;0.00233888257891617;0.000495236926091604;432.270630950751;0.00233888257891617;0.000495236926091604;""
433.017713506637;0.0023132763934205;0.000490377885463563;433.017713506637;0.0023132763934205;0.000490377885463563;""
433.764597823365;0.00228749888495557;0.000485491145353487;433.764597823365;0.00228749888495557;0.000485491145353487;""
434.511283896795;0.00226157168862329;0.000480585924706983;434.511283896795;0.00226157168862329;0.000480585924706983;""
435.257771722783;0.00223551640526236;0.000475671427819049;435.257771722783;0.00223551640526236;0.000475671427819049;""
436.004061297187;0.00220938485129204;0.000470761218945624;436.004061297187;0.00220938485129204;0.000470761218945624;""
436.750152615864;0.00218334971178164;0.000465886332176158;436.750152615864;0.00218334971178164;0.000465886332176158;""
437.496045674673;0.00215761362235243;0.000461082123245904;437.496045674673;0.00215761362235243;0.000461082123245904;""
438.24174046947;0.00213237889544491;0.000456383891481844;438.24174046947;0.00213237889544491;0.000456383891481844;""
438.987236996114;0.00210784752052213;0.00045182687983817;438.987236996114;0.00210784752052213;0.00045182687983817;""
439.732535250462;0.00208422116427326;0.000447446274931825;439.732535250462;0.00208422116427326;0.000447446274931825;""
440.477635228372;0.00206170117081698;0.000443277207077996;440.477635228372;0.00206170117081698;0.000443277207077996;""
441.2225369257;0.00204045717322327;0.000439350000483461;441.2225369257;0.00204045717322327;0.000439350000483461;""
441.967240338306;0.0020205330279224;0.000435675938925806;441.967240338306;0.0020205330279224;0.000435675938925806;""
442.711745462047;0.00200194115630634;0.000432261541850479;442.711745462047;0.00200194115630634;0.000432261541850479;""
443.456052292779;0.00198469395849597;0.000429113318013727;443.456052292779;0.00198469395849597;0.000429113318013727;""
444.200160826362;0.00196880381335464;0.000426237765489353;444.200160826362;0.00196880381335464;0.000426237765489353;""
444.944071058651;0.00195428307850187;0.000423641371675527;444.944071058651;0.00195428307850187;0.000423641371675527;""
445.687782985506;0.00194111195526824;0.0004213256419257;445.687782985506;0.00194111195526824;0.0004213256419257;""
446.431296602784;0.00192914218634478;0.000419272201333111;446.431296602784;0.00192914218634478;0.000419272201333111;""
447.174611906341;0.0019181936408046;0.000417457736685553;447.174611906341;0.0019181936408046;0.000417457736685553;""
447.917728892037;0.00190808647469264;0.000415858971795625;447.917728892037;0.00190808647469264;0.000415858971795625;""
448.660647555728;0.00189864113084464;0.000414452667477378;448.660647555728;0.00189864113084464;0.000414452667477378;""
449.403367893272;0.00188967833870582;0.000413215621522942;449.403367893272;0.00188967833870582;0.000413215621522942;""
450.145889900527;0.00188101911414973;0.00041212466867917;450.145889900527;0.00188101911414973;0.00041212466867917;""
450.88821357335;0.0018725077281729;0.000411153251974376;450.88821357335;0.0018725077281729;0.000411153251974376;""
451.6303389076;0.00186408053970735;0.000410261147736845;451.6303389076;0.00186408053970735;0.000410261147736845;""
452.372265899132;0.00185569696001609;0.00040940477074709;452.372265899132;0.00185569696001609;0.00040940477074709;""
453.113994543806;0.00184731646536074;0.000408540605592469;453.113994543806;0.00184731646536074;0.000408540605592469;""
453.855524837479;0.00183889859696037;0.000407625206622985;453.855524837479;0.00183889859696037;0.000407625206622985;""
454.596856776009;0.00183040296095035;0.000406615197907084;454.596856776009;0.00183040296095035;0.000406615197907084;""
455.337990355252;0.00182178922834124;0.000405467273187463;455.337990355252;0.00182178922834124;0.000405467273187463;""
456.078925571067;0.00181299438805525;0.000404145546823098;456.078925571067;0.00181299438805525;0.000404145546823098;""
456.819662419311;0.00180386457918777;0.000402643583090302;456.819662419311;0.00180386457918777;0.000402643583090302;""
457.560200895843;0.00179422345954216;0.000400962301876607;457.560200895843;0.00179422345954216;0.000400962301876607;""
458.300540996519;0.00178389497064628;0.000399102621789745;458.300540996519;0.00178389497064628;0.000399102621789745;""
459.040682717197;0.00177270333757226;0.000397065460158416;459.040682717197;0.00177270333757226;0.000397065460158416;""
459.780626053735;0.00176047306875641;0.000394851733033089;459.780626053735;0.00176047306875641;0.000394851733033089;""
460.52037100199;0.00174702895581911;0.000392462355186783;460.52037100199;0.00174702895581911;0.000392462355186783;""
461.25991755782;0.00173225385902931;0.000389897091888735;461.25991755782;0.00173225385902931;0.000389897091888735;""
461.999265717083;0.00171626187805857;0.000387151117919713;461.999265717083;0.00171626187805857;0.000387151117919713;""
462.738415475636;0.00169922466952832;0.000384218468718812;462.738415475636;0.00169922466952832;0.000384218468718812;""
463.477366829337;0.00168131361502246;0.000381093189528635;463.477366829337;0.00168131361502246;0.000381093189528635;""
464.216119774044;0.00166269982126226;0.000377769335389032;464.216119774044;0.00166269982126226;0.000377769335389032;""
464.954674305613;0.00164355412028113;0.000374240971130848;464.954674305613;0.00164355412028113;0.000374240971130848;""
465.693030419904;0.00162401312236945;0.000370504474460393;465.693030419904;0.00162401312236945;0.000370504474460393;""
466.431188112773;0.00160407748401883;0.000366565437799446;466.431188112773;0.00160407748401883;0.000366565437799446;""
467.169147380077;0.00158371394124433;0.000362431746017555;467.169147380077;0.00158371394124433;0.000362431746017555;""
467.906908217676;0.00156288928415474;0.000358111271491992;467.906908217676;0.00156288928415474;0.000358111271491992;""
468.644470621425;0.00154157035691825;0.000353611874115727;468.644470621425;0.00154157035691825;0.000353611874115727;""
469.381834587184;0.00151972405772771;0.000348941401305305;469.381834587184;0.00151972405772771;0.000348941401305305;""
470.119000110808;0.00149731733876631;0.000344107688008841;470.119000110808;0.00149731733876631;0.000344107688008841;""
470.855967188157;0.00147431940951503;0.000339116230304281;470.855967188157;0.00147431940951503;0.000339116230304281;""
471.592735815088;0.0014507083396261;0.000333963213695064;471.592735815088;0.0014507083396261;0.000333963213695064;""
472.329305987458;0.00142646443641002;0.000328642505494115;472.329305987458;0.00142646443641002;0.000328642505494115;""
473.065677701125;0.00140156803969207;0.000323147983106794;473.065677701125;0.00140156803969207;0.000323147983106794;""
473.801850951946;0.00137599952179155;0.000317473534024449;473.801850951946;0.00137599952179155;0.000317473534024449;""
474.53782573578;0.00134973928750081;0.000311613055817914;474.53782573578;0.00134973928750081;0.000311613055817914;""
475.273602048483;0.00132276777406457;0.000305560456131093;475.273602048483;0.00132276777406457;0.000305560456131093;""
476.009179885914;0.00129509755364254;0.000299318400343892;476.009179885914;0.00129509755364254;0.000299318400343892;""
476.74455924393;0.00126686953680797;0.000292924526253602;476.74455924393;0.00126686953680797;0.000292924526253602;""
477.479740118388;0.00123825648328507;0.000286425151523533;477.479740118388;0.00123825648328507;0.000286425151523533;""
478.214722505147;0.001209430873651;0.000279866518978579;478.214722505147;0.001209430873651;0.000279866518978579;""
478.949506400063;0.00118056490951466;0.000273294796653146;478.949506400063;0.00118056490951466;0.000273294796653146;""
479.684091798995;0.00115183051369502;0.000266756077838966;479.684091798995;0.00115183051369502;0.000266756077838966;""
480.418478697801;0.00112337931819002;0.000260291149593065;480.418478697801;0.00112337931819002;0.000260291149593065;""
481.152667092337;0.00109528269262829;0.000253919815132493;481.152667092337;0.00109528269262829;0.000253919815132493;""
481.886656978461;0.00106759189460044;0.000247656618178969;481.886656978461;0.00106759189460044;0.000247656618178969;""
482.620448352031;0.00104035809815445;0.000241516078757351;482.620448352031;0.00104035809815445;0.000241516078757351;""
483.354041208905;0.00101363239384933;0.000235512693210844;483.354041208905;0.00101363239384933;0.000235512693210844;""
484.08743554494;0.000987465788808751;0.000229660934216217;484.08743554494;0.000987465788808751;0.000229660934216217;""
484.820631355994;0.000961909206774562;0.000223975250798987;484.820631355994;0.000961909206774562;0.000223975250798987;""
485.553628637925;0.000937023984904636;0.000218469885593753;485.553628637925;0.000937023984904636;0.000218469885593753;""
486.286427386589;0.000912913329946992;0.000213158327188671;486.286427386589;0.000912913329946992;0.000213158327188671;""
487.019027597845;0.000889690768394123;0.000208053859444096;487.019027597845;0.000889690768394123;0.000208053859444096;""
487.751429267551;0.000867469641326928;0.00020316974441006;487.751429267551;0.000867469641326928;0.00020316974441006;""
488.483632391563;0.000846363104534004;0.000198519222340333;488.483632391563;0.000846363104534004;0.000198519222340333;""
489.21563696574;0.000826484128630744;0.000194115511706424;489.21563696574;0.000826484128630744;0.000194115511706424;""
489.947442985939;0.000807945499178701;0.000189971809211655;489.947442985939;0.000807945499178701;0.000189971809211655;""
490.679050448018;0.00079081679161379;0.00018609673752499;490.679050448018;0.00079081679161379;0.00018609673752499;""
491.410459347835;0.000774995435900993;0.000182480703278664;491.410459347835;0.000774995435900993;0.000182480703278664;""
492.141669681246;0.000760336037293961;0.000179109579852167;492.141669681246;0.000760336037293961;0.000179109579852167;""
492.87268144411;0.00074669343641498;0.000175969263345281;492.87268144411;0.00074669343641498;0.000175969263345281;""
493.603494632284;0.000733922709103669;0.00017304567256351;493.603494632284;0.000733922709103669;0.00017304567256351;""
494.334109241627;0.000721879166265533;0.000170324749003463;494.334109241627;0.000721879166265533;0.000170324749003463;""
495.064525267994;0.000710418353720713;0.000167792456838294;495.064525267994;0.000710418353720713;0.000167792456838294;""
495.794742707245;0.000699428337960639;0.000165436189593272;495.794742707245;0.000699428337960639;0.000165436189593272;""
496.524761555237;0.000688926458369115;0.000163248985611649;496.524761555237;0.000688926458369115;0.000163248985611649;""
497.254581807827;0.000678962285072301;0.000161225299940678;497.254581807827;0.000678962285072301;0.000161225299940678;""
497.984203460873;0.000669585306735038;0.00015935959648774;497.984203460873;0.000669585306735038;0.00015935959648774;""
498.713626510232;0.000660844930613519;0.000157646348014647;498.713626510232;0.000660844930613519;0.000157646348014647;""
499.442850951763;0.0006527904826079;0.000156080036131944;499.442850951763;0.0006527904826079;0.000156080036131944;""
500.171876781323;0.000645449657859266;0.000154653711967136;500.171876781323;0.000645449657859266;0.000154653711967136;""
500.900703994769;0.000638763942876845;0.000153354682885634;500.900703994769;0.000638763942876845;0.000153354682885634;""
501.629332587959;0.000632653387169256;0.000152168838692861;501.629332587959;0.000632653387169256;0.000152168838692861;""
502.357762556751;0.000627038170233499;0.000151082092122223;502.357762556751;0.000627038170233499;0.000151082092122223;""
503.085993897002;0.000621838601471003;0.000150080378820306;503.085993897002;0.000621838601471003;0.000150080378820306;""
503.81402660457;0.000616975120103657;0.000149149657332062;503.81402660457;0.000616975120103657;0.000149149657332062;""
504.541860675313;0.000612368295089895;0.000148275909086015;504.541860675313;0.000612368295089895;0.000148275909086015;""
505.269496105087;0.000607952584596489;0.000147447926510374;505.269496105087;0.000607952584596489;0.000147447926510374;""
505.996932889752;0.000603717569511418;0.00014666566827828;505.996932889752;0.000603717569511418;0.00014666566827828;""
506.724171025164;0.000599666595859333;0.000145931878926039;506.724171025164;0.000599666595859333;0.000145931878926039;""
507.451210507181;0.000595803003977582;0.000145249298441087;507.451210507181;0.000595803003977582;0.000145249298441087;""
508.178051331661;0.000592130128519931;0.000144620662264952;508.178051331661;0.000592130128519931;0.000144620662264952;""
508.904693494461;0.000588651298460286;0.000144048701296203;508.904693494461;0.000588651298460286;0.000144048701296203;""
509.631136991439;0.000585369837096388;0.000143536141893409;509.631136991439;0.000585369837096388;0.000143536141893409;""
510.357381818452;0.00058228178861193;0.000143082689535791;510.357381818452;0.00058228178861193;0.000143082689535791;""
511.083427971359;0.000579354121629159;0.000142675989699874;511.083427971359;0.000579354121629159;0.000142675989699874;""
511.809275446016;0.000576546591295498;0.000142300694206661;511.809275446016;0.000576546591295498;0.000142300694206661;""
512.534924238282;0.000573819018653088;0.000141941480023714;512.534924238282;0.000573819018653088;0.000141941480023714;""
513.260374344013;0.000571131290596046;0.000141583049248821;513.260374344013;0.000571131290596046;0.000141583049248821;""
513.985625759069;0.000568443359827672;0.000141210129093681;513.985625759069;0.000568443359827672;0.000141210129093681;""
514.710678479305;0.000565726250446193;0.00014081117558366;514.710678479305;0.000565726250446193;0.00014081117558366;""
515.43553250058;0.000562995038599574;0.000140389472511451;515.43553250058;0.000562995038599574;0.000140389472511451;""
516.160187818752;0.00056027577226044;0.000139951998971248;516.160187818752;0.00056027577226044;0.000139951998971248;""
516.884644429678;0.000557594456574979;0.000139505722604367;516.884644429678;0.000557594456574979;0.000139505722604367;""
517.608902329216;0.000554977053890803;0.000139057599606695;517.608902329216;0.000554977053890803;0.000139057599606695;""
518.332961513222;0.000552449483784816;0.000138614574736133;518.332961513222;0.000552449483784816;0.000138614574736133;""
519.056821977556;0.000550037623091049;0.000138183581320047;519.056821977556;0.000550037623091049;0.000138183581320047;""
519.780483718075;0.000547762194707798;0.000137770284610462;519.780483718075;0.000547762194707798;0.000137770284610462;""
520.503946730635;0.000545623450804332;0.000137375315975334;520.503946730635;0.000545623450804332;0.000137375315975334;""
521.227211011096;0.000543616535967956;0.000136998050105083;521.227211011096;0.000543616535967956;0.000136998050105083;""
521.950276555313;0.00054173660263159;0.000136637862699739;521.950276555313;0.00054173660263159;0.000136637862699739;""
522.673143359146;0.000539978811068641;0.00013629413046828;522.673143359146;0.000539978811068641;0.00013629413046828;""
523.395811418452;0.000538338329387932;0.000135966231127978;523.395811418452;0.000538338329387932;0.000135966231127978;""
524.118280729087;0.000536810333528599;0.000135653543403747;524.118280729087;0.000536810333528599;0.000135653543403747;""
524.840551286911;0.000535382099007976;0.0001353546106306;524.840551286911;0.000535382099007976;0.0001353546106306;""
525.56262308778;0.000534009302286504;0.000135064634323913;525.56262308778;0.000534009302286504;0.000135064634323913;""
526.284496127552;0.00053263979117497;0.000134777988199743;526.284496127552;0.00053263979117497;0.000134777988199743;""
527.006170402085;0.000531221499555589;0.000134489055256303;527.006170402085;0.000531221499555589;0.000134489055256303;""
527.727645907237;0.000529702447325761;0.000134192227767896;527.727645907237;0.000529702447325761;0.000134192227767896;""
528.448922638864;0.000528030740341845;0.00013388190727886;528.448922638864;0.000528030740341845;0.00013388190727886;""
529.170000592825;0.000526154570362924;0.000133552504597495;529.170000592825;0.000526154570362924;0.000133552504597495;""
529.890879764978;0.000524041139026915;0.000133200097566921;529.890879764978;0.000524041139026915;0.000133200097566921;""
530.611560151179;0.000521733367279193;0.000132827398904831;530.611560151179;0.000521733367279193;0.000132827398904831;""
531.332041747286;0.000519293013703644;0.00013243877327292;531.332041747286;0.000519293013703644;0.00013243877327292;""
532.052324549158;0.000516781734897963;0.00013203857813292;532.052324549158;0.000516781734897963;0.00013203857813292;""
532.772408552651;0.000514261085540441;0.000131631163751311;532.772408552651;0.000514261085540441;0.000131631163751311;""
533.492293753624;0.0005117925184567;0.00013122087320403;533.492293753624;0.0005117925184567;0.00013122087320403;""
534.211980147933;0.000509428609817026;0.000130812489023323;534.211980147933;0.000509428609817026;0.000130812489023323;""
534.931467731438;0.000507186763679076;0.000130412571648456;534.931467731438;0.000507186763679076;0.000130412571648456;""
535.650756499994;0.000505075587534695;0.000130028116914646;535.650756499994;0.000505075587534695;0.000130028116914646;""
536.36984644946;0.000503103674462727;0.000129666109048297;536.36984644946;0.000503103674462727;0.000129666109048297;""
537.088737575694;0.000501279603138512;0.000129333520674624;537.088737575694;0.000501279603138512;0.000129333520674624;""
537.807429874552;0.000499611937843364;0.000129037312825269;537.807429874552;0.000499611937843364;0.000129037312825269;""
538.525923341894;0.000498109228474022;0.000128784434945914;538.525923341894;0.000498109228474022;0.000128784434945914;""
539.244217973575;0.000496773091381803;0.000128579437860097;539.244217973575;0.000496773091381803;0.000128579437860097;""
539.962313765455;0.000495577474852378;0.000128417320573739;539.962313765455;0.000495577474852378;0.000128417320573739;""
540.68021071339;0.00049448945682329;0.000128290705281732;540.68021071339;0.00049448945682329;0.000128290705281732;""
541.397908813238;0.000493476169766047;0.000128192226386593;541.397908813238;0.000493476169766047;0.000128192226386593;""
542.115408060857;0.000492504800650278;0.000128114530490438;542.115408060857;0.000492504800650278;0.000128114530490438;""
542.832708452104;0.000491542590907902;0.000128050276386962;542.832708452104;0.000491542590907902;0.000128050276386962;""
543.549809982837;0.000490556836397295;0.00012799213505342;543.549809982837;0.000490556836397295;0.00012799213505342;""
544.266712648914;0.000489524646553317;0.00012793389352311;544.266712648914;0.000489524646553317;0.00012793389352311;""
544.983416446192;0.000488462189427178;0.000127873762844755;544.983416446192;0.000488462189427178;0.000127873762844755;""
545.699921370529;0.000487395357278689;0.000127811060006617;545.699921370529;0.000487395357278689;0.000127811060006617;""
546.416227417782;0.00048634999929513;0.000127745103136361;546.416227417782;0.00048634999929513;0.000127745103136361;""
547.13233458381;0.000485351921619634;0.000127675211500308;547.13233458381;0.000485351921619634;0.000127675211500308;""
547.848242864469;0.000484426887379568;0.000127600705502677;547.848242864469;0.000484426887379568;0.000127600705502677;""
548.563952255618;0.000483592932832696;0.000127522139663926;548.563952255618;0.000483592932832696;0.000127522139663926;""
549.279462753113;0.000482837341369326;0.000127444997446126;549.279462753113;0.000482837341369326;0.000127444997446126;""
549.994774352813;0.000482139740000146;0.000127375985124148;549.994774352813;0.000482139740000146;0.000127375985124148;""
550.709887050575;0.000481479789623701;0.000127321797785777;550.709887050575;0.000481479789623701;0.000127321797785777;""
551.424800842257;0.000480837185004023;0.000127289119339106;551.424800842257;0.000480837185004023;0.000127289119339106;""
552.139515723717;0.00048019165474827;0.000127284622519914;552.139515723717;0.00048019165474827;0.000127284622519914;""
552.854031690811;0.000479522961284371;0.000127314968899059;552.854031690811;0.000479522961284371;0.000127314968899059;""
553.568348739398;0.000478818872758377;0.000127384606041538;553.568348739398;0.000478818872758377;0.000127384606041538;""
554.282466865336;0.000478099052134755;0.000127489166329291;554.282466865336;0.000478099052134755;0.000127489166329291;""
554.996386064481;0.00047739109482486;0.000127622088387554;554.996386064481;0.00047739109482486;0.000127622088387554;""
555.710106332692;0.00047672255013598;0.000127776821766774;555.710106332692;0.00047672255013598;0.000127776821766774;""
556.423627665826;0.000476120921301843;0.000127946826935375;556.423627665826;0.000476120921301843;0.000127946826935375;""
557.136950059741;0.000475613665513125;0.000128125575272544;557.136950059741;0.000475613665513125;0.000128125575272544;""
557.850073510294;0.000475228193947946;0.000128306549060999;557.850073510294;0.000475228193947946;0.000128306549060999;""
558.562998013343;0.000474983102841524;0.000128484826502708;558.562998013343;0.000474983102841524;0.000128484826502708;""
559.275723564746;0.000474861895995289;0.000128661831473326;559.275723564746;0.000474861895995289;0.000128661831473326;""
559.98825016036;0.000474839343045564;0.000128840569163443;559.98825016036;0.000474839343045564;0.000128840569163443;""
560.700577796043;0.000474890255739685;0.000129024039731682;560.700577796043;0.000474890255739685;0.000129024039731682;""
561.412706467652;0.00047498948790809;0.000129215238308035;561.412706467652;0.00047498948790809;0.000129215238308035;""
562.124636171045;0.000475111935436414;0.0001294171549972;562.124636171045;0.000475111935436414;0.0001294171549972;""
562.83636690208;0.000475232536237584;0.000129632774881914;562.83636690208;0.000475232536237584;0.000129632774881914;""
563.547898656615;0.000475335312889286;0.000129864911129625;563.547898656615;0.000475335312889286;0.000129864911129625;""
564.259231430506;0.000475440470260897;0.000130115704865822;564.259231430506;0.000475440470260897;0.000130115704865822;""
564.970365219612;0.000475577214419551;0.000130387126846853;564.970365219612;0.000475577214419551;0.000130387126846853;""
565.68130001979;0.000475774702409032;0.000130681144498875;565.68130001979;0.000475774702409032;0.000130681144498875;""
566.392035826898;0.000476062042282365;0.000130999721920063;566.392035826898;0.000476062042282365;0.000130999721920063;""
567.102572636794;0.0004764682931344;0.000131344819882828;567.102572636794;0.0004764682931344;0.000131344819882828;""
567.812910445334;0.000477015534312653;0.000131718228730023;567.812910445334;0.000477015534312653;0.000131718228730023;""
568.523049248377;0.000477698096281955;0.000132121067620831;568.523049248377;0.000477698096281955;0.000132121067620831;""
569.232989041781;0.000478503393871526;0.000132554286833506;569.232989041781;0.000478503393871526;0.000132554286833506;""
569.942729821402;0.000479418862909388;0.000133018835012961;569.942729821402;0.000479418862909388;0.000133018835012961;""
570.652271583099;0.000480431960208403;0.000133515659171859;570.652271583099;0.000480431960208403;0.000133515659171859;""
571.361614322729;0.00048153016355231;0.000134045704691706;571.361614322729;0.00048153016355231;0.000134045704691706;""
572.07075803615;0.000482700971681766;0.000134609915323946;572.07075803615;0.000482700971681766;0.000134609915323946;""
572.779702719219;0.000483931248752606;0.000135206600778461;572.779702719219;0.000483931248752606;0.000135206600778461;""
573.488448367794;0.000485205259946695;0.000135823548354185;573.488448367794;0.000485205259946695;0.000135823548354185;""
574.196994977733;0.00048650664190358;0.0001364459356877;574.196994977733;0.00048650664190358;0.0001364459356877;""
574.905342544893;0.000487819058782165;0.000137058965366868;574.905342544893;0.000487819058782165;0.000137058965366868;""
575.613491065131;0.000489126202242348;0.000137647864914187;575.613491065131;0.000489126202242348;0.000137647864914187;""
576.321440534307;0.000490411791426667;0.000138197886770138;576.321440534307;0.000490411791426667;0.000138197886770138;""
577.029190948276;0.000491659572941931;0.000138694308276536;577.029190948276;0.000491659572941931;0.000138694308276536;""
577.736742302897;0.00049284896146253;0.000139125655825832;577.736742302897;0.00049284896146253;0.000139125655825832;""
578.444094594028;0.000493941976292619;0.000139493366458708;578.444094594028;0.000493941976292619;0.000139493366458708;""
579.151247817525;0.000494896345221885;0.000139802096313225;579.151247817525;0.000494896345221885;0.000139802096313225;""
579.858201969247;0.000495669867536429;0.000140056493742103;579.858201969247;0.000495669867536429;0.000140056493742103;""
580.564957045051;0.000496220413970919;0.00014026119931792;580.564957045051;0.000496220413970919;0.00014026119931792;""
581.271513040795;0.00049650592666075;0.000140420845838312;581.271513040795;0.00049650592666075;0.000140420845838312;""
581.977869952336;0.000496484419094221;0.000140540058331163;581.977869952336;0.000496484419094221;0.000140540058331163;""
582.684027775533;0.000496137265195317;0.000140624420442556;582.684027775533;0.000496137265195317;0.000140624420442556;""
583.389986506242;0.000495538987885832;0.000140683370321158;583.389986506242;0.000495538987885832;0.000140683370321158;""
584.095746140321;0.00049478725384872;0.000140727295757279;584.095746140321;0.00049478725384872;0.000140727295757279;""
584.801306673629;0.000493979564804694;0.000140766566994286;584.801306673629;0.000493979564804694;0.000140766566994286;""
585.506668102022;0.000493213257622793;0.000140811536740366;585.506668102022;0.000493213257622793;0.000140811536740366;""
586.211830421358;0.000492585504430924;0.000140872540180289;586.211830421358;0.000492585504430924;0.000140872540180289;""
586.916793627494;0.000492172469670884;0.000140958632253948;586.916793627494;0.000492172469670884;0.000140958632253948;""
587.621557716289;0.000491966851677992;0.000141073803747798;587.621557716289;0.000491966851677992;0.000141073803747798;""
588.326122683601;0.000491940535506432;0.000141220776991163;588.326122683601;0.000491940535506432;0.000141220776991163;""
589.030488525285;0.000492065453618956;0.000141402269662827;589.030488525285;0.000492065453618956;0.000141402269662827;""
589.734655237201;0.000492313585855075;0.000141620994794171;589.734655237201;0.000492313585855075;0.000141620994794171;""
590.438622815206;0.000492656959399243;0.000141879660772295;590.438622815206;0.000492656959399243;0.000141879660772295;""
591.142391255158;0.000493067648749063;0.000142180971343152;591.142391255158;0.000493067648749063;0.000142180971343152;""
591.845960552913;0.000493520774345244;0.000142525466623873;591.845960552913;0.000493520774345244;0.000142525466623873;""
592.54933070433;0.000494003488341239;0.000142905053465759;592.54933070433;0.000494003488341239;0.000142905053465759;""
593.252501705267;0.000494505960773657;0.000143309495254512;593.252501705267;0.000494505960773657;0.000143309495254512;""
593.95547355158;0.000495018378342295;0.000143728572723152;593.95547355158;0.000495018378342295;0.000143728572723152;""
594.658246239128;0.000495530944398922;0.00014415208394034;594.658246239128;0.000495530944398922;0.00014415208394034;""
595.360819763768;0.000496033878936064;0.000144569844298711;595.360819763768;0.000496033878936064;0.000144569844298711;""
596.063194121358;0.0004965174185758;0.000144971686503198;596.063194121358;0.0004965174185758;0.000144971686503198;""
596.765369307756;0.000496975399434874;0.000145349916006742;596.765369307756;0.000496975399434874;0.000145349916006742;""
597.467345318818;0.000497415993548596;0.000145706668983916;597.467345318818;0.000497415993548596;0.000145706668983916;""
598.169122150404;0.000497850938902504;0.000146046531360366;598.169122150404;0.000497850938902504;0.000146046531360366;""
598.870699798369;0.000498291953519794;0.000146374081280635;598.870699798369;0.000498291953519794;0.000146374081280635;""
599.572078258573;0.000498750735474803;0.000146693889113416;599.572078258573;0.000498750735474803;0.000146693889113416;""
600.273257526871;0.000499238962906461;0.000147010517456793;600.273257526871;0.000499238962906461;0.000147010517456793;""
600.974237599124;0.000499764218211237;0.000147327786547545;600.974237599124;0.000499764218211237;0.000147327786547545;""
601.675018471186;0.000500317774491915;0.000147646572983219;601.675018471186;0.000500317774491915;0.000147646572983219;""
602.375600138918;0.000500886847339592;0.000147967017896124;602.375600138918;0.000500886847339592;0.000147967017896124;""
603.075982598175;0.000501458674115124;0.000148289262175868;603.075982598175;0.000501458674115124;0.000148289262175868;""
603.776165844816;0.000502020513934415;0.000148613446469519;603.776165844816;0.000502020513934415;0.000148613446469519;""
604.476149874698;0.000502559647653706;0.000148939711181771;604.476149874698;0.000502559647653706;0.000148939711181771;""
605.175934683679;0.000503063377854864;0.000149268196475109;605.175934683679;0.000503063377854864;0.000149268196475109;""
605.875520267616;0.000503525160489782;0.000149599900392843;605.875520267616;0.000503525160489782;0.000149599900392843;""
606.574906622368;0.000503962978891739;0.000149939250295777;606.574906622368;0.000503962978891739;0.000149939250295777;""
607.274093743791;0.000504400912137916;0.000150291523365231;607.274093743791;0.000504400912137916;0.000150291523365231;""
607.973081627744;0.000504862998178226;0.000150661987752971;607.973081627744;0.000504862998178226;0.000150661987752971;""
608.671870270083;0.000505373233863181;0.000151055902587322;608.671870270083;0.000505373233863181;0.000151055902587322;""
609.370459666668;0.000505955574971756;0.000151478517979294;609.370459666668;0.000505955574971756;0.000151478517979294;""
610.068849813354;0.000506633936239235;0.000151935075028695;610.068849813354;0.000506633936239235;0.000151935075028695;""
610.767040706;0.000507427795570593;0.000152429760391306;610.767040706;0.000507427795570593;0.000152429760391306;""
611.465032340464;0.000508339021677139;0.000152962573547976;611.465032340464;0.000508339021677139;0.000152962573547976;""
612.162824712602;0.000509365087875358;0.000153532469388951;612.162824712602;0.000509365087875358;0.000153532469388951;""
612.860417818274;0.000510503471663169;0.000154138404546961;612.860417818274;0.000510503471663169;0.000154138404546961;""
613.557811653335;0.000511751654717082;0.000154779337396032;613.557811653335;0.000511751654717082;0.000154779337396032;""
614.255006213645;0.000513107122889399;0.000155454228050319;614.255006213645;0.000513107122889399;0.000155454228050319;""
614.95200149506;0.000514567366205381;0.000156162038362925;614.95200149506;0.000514567366205381;0.000156162038362925;""
615.648797493438;0.000516125751816731;0.000156900943823289;615.648797493438;0.000516125751816731;0.000156900943823289;""
616.345394204637;0.000517759157029898;0.000157665971956131;616.345394204637;0.000517759157029898;0.000157665971956131;""
617.041791624514;0.000519440375205282;0.000158451371354841;617.041791624514;0.000519440375205282;0.000158451371354841;""
617.737989748928;0.000521142246311233;0.0001592514004526;617.737989748928;0.000521142246311233;0.0001592514004526;""
618.433988573735;0.000522837656892322;0.00016006032751569;618.433988573735;0.000522837656892322;0.00016006032751569;""
619.129788094793;0.000524499540037647;0.0001608724306368;619.129788094793;0.000524499540037647;0.0001608724306368;""
619.82538830796;0.0005261098032096;0.000161683312100993;619.82538830796;0.0005261098032096;0.000161683312100993;""
620.520789209094;0.000527686081100516;0.000162493836978316;620.520789209094;0.000527686081100516;0.000162493836978316;""
621.215990794052;0.000529254898334964;0.000163306182095605;621.215990794052;0.000529254898334964;0.000163306182095605;""
621.910993058691;0.000530842733963956;0.000164122520536255;621.910993058691;0.000530842733963956;0.000164122520536255;""
622.60579599887;0.000532476021496029;0.00016494502164277;622.60579599887;0.000532476021496029;0.00016494502164277;""
623.300399610446;0.000534181148928307;0.000165775851019316;623.300399610446;0.000534181148928307;0.000165775851019316;""
623.994803889276;0.000535984458777569;0.000166617170534273;623.994803889276;0.000535984458777569;0.000166617170534273;""
624.689008831219;0.000537899586631045;0.000167469432969109;624.689008831219;0.000537899586631045;0.000167469432969109;""
625.383014432131;0.000539889520359344;0.000168326271835364;625.383014432131;0.000539889520359344;0.000168326271835364;""
626.076820687871;0.000541904660887763;0.000169179627714882;626.076820687871;0.000541904660887763;0.000169179627714882;""
626.770427594296;0.000543895494528316;0.000170021455073464;626.770427594296;0.000543895494528316;0.000170021455073464;""
627.463835147263;0.000545812592921379;0.000170843722251376;627.463835147263;0.000545812592921379;0.000170843722251376;""
628.157043342631;0.000547606612977354;0.000171638411453865;628.157043342631;0.000547606612977354;0.000171638411453865;""
628.850052176257;0.000549228296818324;0.000172397518741669;628.850052176257;0.000549228296818324;0.000172397518741669;""
629.542861643998;0.000550646154630335;0.000173116292261038;629.542861643998;0.000550646154630335;0.000173116292261038;""
630.235471741713;0.000551899452282247;0.000173802935771943;630.235471741713;0.000551899452282247;0.000173802935771943;""
630.927882465258;0.000553045055746502;0.000174468874363973;630.927882465258;0.000553045055746502;0.000174468874363973;""
631.620093810492;0.000554139732985756;0.000175125513433979;631.620093810492;0.000554139732985756;0.000175125513433979;""
632.312105773271;0.000555240154019986;0.000175784238699546;632.312105773271;0.000555240154019986;0.000175784238699546;""
633.003918349455;0.000556402890993614;0.000176456416212494;633.003918349455;0.000556402890993614;0.000176456416212494;""
633.695531534899;0.000557672470233295;0.000177151736466298;633.695531534899;0.000557672470233295;0.000177151736466298;""
634.386945325463;0.000559045569617104;0.000177873252419471;634.386945325463;0.000559045569617104;0.000177873252419471;""
635.078159717003;0.000560506934958586;0.000178622357245906;635.078159717003;0.000560506934958586;0.000178622357245906;""
635.769174705377;0.000562041338334788;0.000179400441675208;635.769174705377;0.000562041338334788;0.000179400441675208;""
636.459990286442;0.000563633578068238;0.000180208893994372;636.459990286442;0.000563633578068238;0.000180208893994372;""
637.150606456057;0.000565268478708948;0.000181049100049471;637.150606456057;0.000565268478708948;0.000181049100049471;""
637.841023210079;0.000566930891016397;0.00018192244324733;637.841023210079;0.000566930891016397;0.00018192244324733;""
638.531240544366;0.000568608064988054;0.000182828470998821;638.531240544366;0.000568608064988054;0.000182828470998821;""
639.221258454775;0.000570296760754404;0.000183759400401667;639.221258454775;0.000570296760754404;0.000183759400401667;""
639.911076937164;0.000571996115032646;0.00018470563003493;639.911076937164;0.000571996115032646;0.00018470563003493;""
640.60069598739;0.000573705266021679;0.000185657575095697;640.60069598739;0.000573705266021679;0.000185657575095697;""
641.290115601311;0.00057542335340109;0.000186605667387657;641.290115601311;0.00057542335340109;0.000186605667387657;""
641.979335774785;0.000577149518330132;0.000187540355309669;641.979335774785;0.000577149518330132;0.000187540355309669;""
642.668356503669;0.000578882903446707;0.000188452103844337;642.668356503669;0.000578882903446707;0.000188452103844337;""
643.357177783821;0.000580623820973038;0.000189334508424758;643.357177783821;0.000580623820973038;0.000189334508424758;""
644.045799611098;0.000582377252976491;0.000190193625739432;644.045799611098;0.000582377252976491;0.000190193625739432;""
644.734221981359;0.000584149339950423;0.000191038613164621;644.734221981359;0.000584149339950423;0.000191038613164621;""
645.422444890461;0.000585946211699881;0.000191878612191468;645.422444890461;0.000585946211699881;0.000191878612191468;""
646.110468334261;0.000587773987348988;0.000192722748436948;646.110468334261;0.000587773987348988;0.000192722748436948;""
646.798292308617;0.000589638775348312;0.000193580131654823;646.798292308617;0.000589638775348312;0.000193580131654823;""
647.485916809386;0.000591546673482235;0.000194459855746581;647.485916809386;0.000591546673482235;0.000194459855746581;""
648.173341832427;0.00059349671257217;0.000195367432327994;648.173341832427;0.00059349671257217;0.000195367432327994;""
648.860567373597;0.000595459712139672;0.000196294103824308;648.860567373597;0.000595459712139672;0.000196294103824308;""
649.547593428753;0.000597399492297736;0.000197227564533285;649.547593428753;0.000597399492297736;0.000197227564533285;""
650.234419993753;0.000599279936156001;0.000198155530160448;650.234419993753;0.000599279936156001;0.000198155530160448;""
650.921047064455;0.00060106498977721;0.000199065737804281;650.921047064455;0.00060106498977721;0.000199065737804281;""
651.607474636717;0.000602718662133676;0.00019994594594144;651.607474636717;0.000602718662133676;0.00019994594594144;""
652.293702706395;0.000604221065862586;0.000200788670872544;652.293702706395;0.000604221065862586;0.000200788670872544;""
652.979731269348;0.000605616483664757;0.000201605379567199;652.979731269348;0.000605616483664757;0.000201605379567199;""
653.665560321433;0.000606965147996934;0.000202412251369507;653.665560321433;0.000606965147996934;0.000202412251369507;""
654.351189858508;0.000608327186351285;0.000203225437424816;654.351189858508;0.000608327186351285;0.000203225437424816;""
655.036619876431;0.000609762621328069;0.000204061060699247;655.036619876431;0.000609762621328069;0.000204061060699247;""
655.721850371058;0.000611331370708298;0.000204935215999209;655.721850371058;0.000611331370708298;0.000204935215999209;""
656.406881338248;0.000613093247526391;0.000205863969990924;656.406881338248;0.000613093247526391;0.000205863969990924;""
657.091712773859;0.000615087934008177;0.000206860284942475;657.091712773859;0.000615087934008177;0.000206860284942475;""
657.776344673747;0.000617274973248355;0.00020792480066519;657.776344673747;0.000617274973248355;0.00020792480066519;""
658.460777033771;0.00061959397013663;0.000209055082175409;658.460777033771;0.00061959397013663;0.000209055082175409;""
659.145009849788;0.000621984634928665;0.000210248698658744;659.145009849788;0.000621984634928665;0.000210248698658744;""
659.829043117656;0.00062438678317298;0.000211503223467193;659.829043117656;0.00062438678317298;0.000211503223467193;""
660.512876833233;0.000626740335637855;0.000212816234116265;660.512876833233;0.000626740335637855;0.000212816234116265;""
661.196510992375;0.000628985318238254;0.00021418531228209;661.196510992375;0.000628985318238254;0.00021418531228209;""
661.879945590941;0.000631081334304667;0.000215603797350967;661.879945590941;0.000631081334304667;0.000215603797350967;""
662.563180624788;0.000633065913313997;0.00021704806195124;662.563180624788;0.000633065913313997;0.00021704806195124;""
663.246216089774;0.000634995974466848;0.000218490277314858;663.246216089774;0.000634995974466848;0.000218490277314858;""
663.929051981757;0.000636928337352373;0.000219902663411977;663.929051981757;0.000636928337352373;0.000219902663411977;""
664.611688296594;0.000638919722017565;0.00022125748891705;664.611688296594;0.000638919722017565;0.00022125748891705;""
665.294125030142;0.000641026749036524;0.00022252707117493;665.294125030142;0.000641026749036524;0.00022252707117493;""
665.97636217826;0.000643288010751391;0.000223692376695215;665.97636217826;0.000643288010751391;0.000223692376695215;""
666.658399736804;0.00064567034778864;0.00022476879251427;666.658399736804;0.00064567034778864;0.00022476879251427;""
667.340237701634;0.000648122745685292;0.000225780271774747;667.340237701634;0.000648122745685292;0.000225780271774747;""
668.021876068605;0.000650594279394486;0.000226750725676217;668.021876068605;0.000650594279394486;0.000226750725676217;""
668.703314833577;0.000653034113223203;0.000227704023504421;668.703314833577;0.000653034113223203;0.000227704023504421;""
669.384553992406;0.000655391500769932;0.000228663992660465;669.384553992406;0.000655391500769932;0.000228663992660465;""
670.06559354095;0.000657615784862405;0.000229654418690046;670.06559354095;0.000657615784862405;0.000229654418690046;""
670.746433475066;0.000659672870321339;0.000230694057906399;670.746433475066;0.000659672870321339;0.000230694057906399;""
671.427073790613;0.000661594584427848;0.00023178169274553;671.427073790613;0.000661594584427848;0.00023178169274553;""
672.107514483448;0.000663429157028002;0.000232911124701009;672.107514483448;0.000663429157028002;0.000232911124701009;""
672.787755549428;0.0006652247332728;0.000234076166110695;672.787755549428;0.0006652247332728;0.000234076166110695;""
673.467796984412;0.000667029373677332;0.000235270640149167;673.467796984412;0.000667029373677332;0.000235270640149167;""
674.147638784256;0.000668891054179911;0.000236488380820153;674.147638784256;0.000668891054179911;0.000236488380820153;""
674.827280944819;0.000670857666201219;0.00023772323294897;674.827280944819;0.000670857666201219;0.00023772323294897;""
675.506723461958;0.000672972233704397;0.000238971863904291;675.506723461958;0.000672972233704397;0.000238971863904291;""
676.18596633153;0.000675258581119869;0.000240242188865657;676.18596633153;0.000675258581119869;0.000240242188865657;""
676.865009549394;0.00067773571189542;0.000241544918289646;676.865009549394;0.00067773571189542;0.000241544918289646;""
677.543853111406;0.000680422595736331;0.000242890743714513;677.543853111406;0.000680422595736331;0.000242890743714513;""
678.222497013425;0.000683338168629062;0.000244290337773447;678.222497013425;0.000683338168629062;0.000244290337773447;""
678.900941251308;0.000686501332864895;0.00024575435420782;678.900941251308;0.000686501332864895;0.00024575435420782;""
679.579185820913;0.000689930957063596;0.00024729342788044;679.579185820913;0.000689930957063596;0.00024729342788044;""
680.257230718098;0.000693627692544916;0.000248914911515825;680.257230718098;0.000693627692544916;0.000248914911515825;""
680.935075938719;0.000697519486644873;0.000250613097424808;680.935075938719;0.000697519486644873;0.000250613097424808;""
681.612721478635;0.00070151624607093;0.000252379027503734;681.612721478635;0.00070151624607093;0.000252379027503734;""
682.290167333703;0.000705528036511562;0.000254203759380163;682.290167333703;0.000705528036511562;0.000254203759380163;""
682.96741349978;0.000709465082524696;0.000256078366401842;682.96741349978;0.000709465082524696;0.000256078366401842;""
683.644459972726;0.000713237767426178;0.000257993937625691;683.644459972726;0.000713237767426178;0.000257993937625691;""
684.321306748396;0.000716774214660879;0.00025993785989397;684.321306748396;0.000716774214660879;0.00025993785989397;""
684.997953822649;0.000720072969900125;0.000261882677246492;684.997953822649;0.000720072969900125;0.000261882677246492;""
685.674401191343;0.000723150147622804;0.000263797267668154;685.674401191343;0.000723150147622804;0.000263797267668154;""
686.350648850334;0.000726021834086169;0.000265650564254733;686.350648850334;0.000726021834086169;0.000265650564254733;""
687.026696795481;0.000728704087345665;0.000267411555174125;687.026696795481;0.000728704087345665;0.000267411555174125;""
687.702545022641;0.000731212937274709;0.00026904928362758;687.702545022641;0.000731212937274709;0.00026904928362758;""
688.378193527672;0.000733564385584507;0.000270532847810959;688.378193527672;0.000733564385584507;0.000270532847810959;""
689.053642306431;0.000735780793292701;0.000271845770742827;689.053642306431;0.000735780793292701;0.000271845770742827;""
689.728891354776;0.00073791002042788;0.000273029058843693;689.728891354776;0.00073791002042788;0.000273029058843693;""
690.403940668565;0.000740006224065993;0.000274138003125805;690.403940668565;0.000740006224065993;0.000274138003125805;""
691.078790243655;0.000742123465281301;0.000275227796644345;691.078790243655;0.000742123465281301;0.000275227796644345;""
691.753440075905;0.00074431570921405;0.000276353534566472;691.753440075905;0.00074431570921405;0.000276353534566472;""
692.42789016117;0.000746636825138109;0.000277570214240335;692.42789016117;0.000746636825138109;0.000277570214240335;""
693.10214049531;0.000749140586528644;0.000278932735264106;693.10214049531;0.000749140586528644;0.000278932735264106;""
693.776191074181;0.000751853566876856;0.000280475549835585;693.776191074181;0.000751853566876856;0.000280475549835585;""
694.450041893642;0.000754693923375112;0.000282151686021688;694.450041893642;0.000754693923375112;0.000282151686021688;""
695.12369294955;0.000757552878309244;0.000283893923544027;695.12369294955;0.000757552878309244;0.000283893923544027;""
695.797144237762;0.000760321847279014;0.000285635161511225;695.797144237762;0.000760321847279014;0.000285635161511225;""
696.470395754137;0.000762892439061526;0.000287308418334576;696.470395754137;0.000762892439061526;0.000287308418334576;""
697.143447494531;0.000765156455474646;0.000288846831643709;697.143447494531;0.000765156455474646;0.000288846831643709;""
697.816299454803;0.000767041344804677;0.000290202700650241;697.816299454803;0.000767041344804677;0.000290202700650241;""
698.48895163081;0.000768616436057993;0.000291404545568036;698.48895163081;0.000768616436057993;0.000291404545568036;""
699.16140401841;0.000769986357220049;0.000292499861531154;699.16140401841;0.000769986357220049;0.000292499861531154;""
699.83365661346;0.000771255550233402;0.000293536059238635;699.83365661346;0.000771255550233402;0.000293536059238635;""
700.505709411818;0.000772528271129395;0.000294560465014275;700.505709411818;0.000772528271129395;0.000294560465014275;""
701.177562409341;0.000773908590159811;0.000295620320866363;701.177562409341;0.000773908590159811;0.000295620320866363;""
701.849215601888;0.000775500391928495;0.000296762784547422;701.849215601888;0.000775500391928495;0.000296762784547422;""
702.520668985315;0.000777382523755882;0.000298023574019037;702.520668985315;0.000777382523755882;0.000298023574019037;""
703.191922555481;0.000779534329241804;0.000299392941271698;703.191922555481;0.000779534329241804;0.000299392941271698;""
703.862976308243;0.000781910358894963;0.000300849810083678;703.862976308243;0.000781910358894963;0.000300849810083678;""
704.533830239458;0.000784465244035229;0.000302373141729829;704.533830239458;0.000784465244035229;0.000302373141729829;""
705.204484344985;0.000787153696736336;0.000303941934954996;705.204484344985;0.000787153696736336;0.000303941934954996;""
705.87493862068;0.000789930509768577;0.000305535225947418;705.87493862068;0.000789930509768577;0.000305535225947418;""
706.545193062403;0.000792750556541539;0.000307132088312158;706.545193062403;0.000792750556541539;0.000307132088312158;""
707.215247666009;0.000795576675163617;0.000308716586690723;707.215247666009;0.000795576675163617;0.000308716586690723;""
707.885102427357;0.000798403292522368;0.000310292619946816;707.885102427357;0.000798403292522368;0.000310292619946816;""
708.554757342304;0.000801232722531466;0.000311869029197091;708.554757342304;0.000801232722531466;0.000311869029197091;""
709.224212406709;0.00080406727496064;0.00031345463974273;709.224212406709;0.00080406727496064;0.00031345463974273;""
709.893467616428;0.000806909255438606;0.000315058261080684;709.893467616428;0.000806909255438606;0.000315058261080684;""
710.562522967319;0.000809760965456033;0.000316688686914936;710.562522967319;0.000809760965456033;0.000316688686914936;""
711.23137845524;0.000812624702368484;0.000318354695167735;711.23137845524;0.000812624702368484;0.000318354695167735;""
711.900034076048;0.000815500347471858;0.000320062583643802;711.900034076048;0.000815500347471858;0.000320062583643802;""
712.568489825602;0.000818378138873111;0.000321808785838718;712.568489825602;0.000818378138873111;0.000321808785838718;""
713.236745699758;0.000821245922405268;0.000323587279449675;713.236745699758;0.000821245922405268;0.000323587279449675;""
713.904801694375;0.000824091565702886;0.000325392052925381;713.904801694375;0.000824091565702886;0.000325392052925381;""
714.572657805309;0.000826902958186479;0.000327217105458376;714.572657805309;0.000826902958186479;0.000327217105458376;""
715.240314028419;0.000829668011047004;0.0003290564469774;715.240314028419;0.000829668011047004;0.0003290564469774;""
715.907770359562;0.000832380049929632;0.000330903603714319;715.907770359562;0.000832380049929632;0.000330903603714319;""
716.575026794597;0.000835053973638481;0.00033275013669694;716.575026794597;0.000835053973638481;0.00033275013669694;""
717.242083329379;0.000837710042130618;0.000334587128124921;717.242083329379;0.000837710042130618;0.000334587128124921;""
717.908939959767;0.000840368478996209;0.000336405676228084;717.908939959767;0.000840368478996209;0.000336405676228084;""
718.575596681619;0.000843049471484483;0.000338196895254946;718.575596681619;0.000843049471484483;0.000338196895254946;""
719.242053490793;0.000845773170529715;0.000339951915461266;719.242053490793;0.000845773170529715;0.000339951915461266;""
719.908310383145;0.000848559690777176;0.000341661883098596;719.908310383145;0.000848559690777176;0.000341661883098596;""
720.574367354534;0.000851421517549806;0.000343322408569498;720.574367354534;0.000851421517549806;0.000343322408569498;""
721.240224400817;0.0008543407550419;0.000344946894896394;721.240224400817;0.0008543407550419;0.000344946894896394;""
721.905881517852;0.000857291953351526;0.000346553165191271;721.905881517852;0.000857291953351526;0.000346553165191271;""
722.571338701496;0.000860249708346411;0.000348159010505338;722.571338701496;0.000860249708346411;0.000348159010505338;""
723.236595947607;0.000863188661631175;0.000349782189852001;723.236595947607;0.000863188661631175;0.000349782189852001;""
723.901653252042;0.000866083500514557;0.000351440430229797;723.901653252042;0.000866083500514557;0.000351440430229797;""
724.56651061066;0.000868908957976679;0.000353151426645358;724.56651061066;0.000868908957976679;0.000353151426645358;""
725.231168019318;0.000871656398135447;0.000354928830504234;725.231168019318;0.000871656398135447;0.000354928830504234;""
725.895625473873;0.000874383512845803;0.000356770229217564;725.895625473873;0.000874383512845803;0.000356770229217564;""
726.559882970183;0.000877164460462758;0.000358669206447336;726.559882970183;0.000877164460462758;0.000358669206447336;""
727.223940504106;0.00088007326546552;0.000360619357351813;727.223940504106;0.00088007326546552;0.000360619357351813;""
727.887798071499;0.000883183818553603;0.000362614288577289;727.887798071499;0.000883183818553603;0.000362614288577289;""
728.551455668221;0.000886569876742927;0.000364647618249857;728.551455668221;0.000886569876742927;0.000364647618249857;""
729.214913290127;0.000890305063461859;0.000366712975967153;729.214913290127;0.000890305063461859;0.000366712975967153;""
729.878170933077;0.000894424982958621;0.000368805836416434;729.878170933077;0.000894424982958621;0.000368805836416434;""
730.541228592928;0.000898813700388454;0.000370929013611747;730.541228592928;0.000898813700388454;0.000370929013611747;""
731.204086265537;0.000903317638692779;0.000373087148404808;731.204086265537;0.000903317638692779;0.000373087148404808;""
731.866743946762;0.000907783498367258;0.000375284873205734;731.866743946762;0.000907783498367258;0.000375284873205734;""
732.529201632461;0.000912058257262098;0.000377526811989122;732.529201632461;0.000912058257262098;0.000377526811989122;""
733.191459318491;0.000915989170382397;0.000379817580300122;733.191459318491;0.000915989170382397;0.000379817580300122;""
733.85351700071;0.000919473859145942;0.0003821575526135;733.85351700071;0.000919473859145942;0.0003821575526135;""
734.515374674976;0.000922610397998594;0.000384530179740533;734.515374674976;0.000922610397998594;0.000384530179740533;""
735.177032337146;0.000925546728294268;0.000386914713609552;735.177032337146;0.000925546728294268;0.000386914713609552;""
735.838489983077;0.0009284305236217;0.000389290443723015;735.838489983077;0.0009284305236217;0.000389290443723015;""
736.499747608628;0.000931409189997481;0.000391636697130419;736.499747608628;0.000931409189997481;0.000391636697130419;""
737.160805209656;0.000934629866059011;0.000393932838401208;737.160805209656;0.000934629866059011;0.000393932838401208;""
737.821662782018;0.000938239423257444;0.000396158269597702;737.821662782018;0.000938239423257444;0.000396158269597702;""
738.482320321573;0.000942340987391484;0.000398303353897307;738.482320321573;0.000942340987391484;0.000398303353897307;""
739.142777824177;0.000946863660775021;0.000400402146829098;739.142777824177;0.000946863660775021;0.000400402146829098;""
739.803035285689;0.000951693234669427;0.000402499555890412;739.803035285689;0.000951693234669427;0.000402499555890412;""
740.463092701966;0.000956715707298229;0.000404640407031172;740.463092701966;0.000956715707298229;0.000404640407031172;""
741.122950068866;0.000961817283697614;0.000406869444712829;741.122950068866;0.000961817283697614;0.000406869444712829;""
741.782607382246;0.000966884375566936;0.000409231331967284;741.782607382246;0.000966884375566936;0.000409231331967284;""
742.442064637963;0.000971803601119269;0.000411770650455792;742.442064637963;0.000971803601119269;0.000411770650455792;""
743.101321831877;0.000976493553783227;0.00041451454315299;743.101321831877;0.000976493553783227;0.00041451454315299;""
743.760378959844;0.000980999992933278;0.000417420705481159;743.760378959844;0.000980999992933278;0.000417420705481159;""
744.419236017721;0.000985400334870716;0.000420429568032155;744.419236017721;0.000985400334870716;0.000420429568032155;""
745.077893001367;0.000989771855143419;0.000423481669670758;745.077893001367;0.000989771855143419;0.000423481669670758;""
745.736349906639;0.000994191688647766;0.000426517657456231;745.736349906639;0.000994191688647766;0.000426517657456231;""
746.394606729395;0.000998736829730579;0.000429478286563941;746.394606729395;0.000998736829730579;0.000429478286563941;""
747.052663465492;0.00100346968993299;0.000432321969802943;747.052663465492;0.00100346968993299;0.000432321969802943;""
747.710520110787;0.00100839482370687;0.000435077362301066;747.710520110787;0.00100839482370687;0.000435077362301066;""
748.36817666114;0.00101350234774438;0.000437790600658515;748.36817666114;0.00101350234774438;0.000437790600658515;""
749.025633112406;0.00101878239650089;0.000440507737399803;749.025633112406;0.00101878239650089;0.000440507737399803;""
749.682889460444;0.00102422512218225;0.000443274741034814;749.682889460444;0.00102422512218225;0.000443274741034814;""
750.339945701112;0.00102982069473189;0.000446137496119792;750.339945701112;0.00102982069473189;0.000446137496119792;""
750.996801830267;0.00103555930181796;0.000449141803318343;750.996801830267;0.00103555930181796;0.000449141803318343;""
751.653457843766;0.00104142502349284;0.000452317428376515;751.653457843766;0.00104142502349284;0.000452317428376515;""
752.309913737467;0.00104737747859478;0.000455630307251448;752.309913737467;0.00104737747859478;0.000455630307251448;""
752.966169507228;0.00105337023989129;0.000459030501442123;752.966169507228;0.00105337023989129;0.000459030501442123;""
753.622225148907;0.00105935696494684;0.000462468163596644;753.622225148907;0.00105935696494684;0.000462468163596644;""
754.278080658361;0.00106529139606115;0.000465893537445922;754.278080658361;0.00106529139606115;0.000465893537445922;""
754.933736031447;0.00107112736020754;0.000469256957737389;754.933736031447;0.00107112736020754;0.000469256957737389;""
755.589191264024;0.00107681876897126;0.000472508850168727;755.589191264024;0.00107681876897126;0.000472508850168727;""
756.244446351949;0.00108234187678335;0.000475616788854392;756.244446351949;0.00108234187678335;0.000475616788854392;""
756.899501291079;0.00108776197417222;0.000478616606344298;756.899501291079;0.00108776197417222;0.000478616606344298;""
757.554356077273;0.00109316647014186;0.000481561111622127;757.554356077273;0.00109316647014186;0.000481561111622127;""
758.209010706387;0.00109864261359073;0.000484503017007803;758.209010706387;0.00109864261359073;0.000484503017007803;""
758.86346517428;0.00110427749342865;0.000487494938228021;758.86346517428;0.00110427749342865;0.000487494938228021;""
759.517719476809;0.00111015803869346;0.0004905893944867;759.517719476809;0.00111015803869346;0.0004905893944867;""
760.171773609831;0.00111637101866774;0.000493838808535462;760.171773609831;0.00111637101866774;0.000493838808535462;""
760.825627569205;0.00112296058370253;0.000497276399641665;760.825627569205;0.00112296058370253;0.000497276399641665;""
761.479281350788;0.00112980104341799;0.000500858932536635;761.479281350788;0.00112980104341799;0.000500858932536635;""
762.132734950437;0.00113672451748139;0.00050452416154796;762.132734950437;0.00113672451748139;0.00050452416154796;""
762.78598836401;0.00114356343368287;0.000508209955172394;762.78598836401;0.00114356343368287;0.000508209955172394;""
763.439041587365;0.00115015052771013;0.000511854295992399;763.439041587365;0.00115015052771013;0.000511854295992399;""
764.09189461636;0.00115631884292321;0.000515395280592699;764.09189461636;0.00115631884292321;0.000515395280592699;""
764.744547446851;0.00116196275115946;0.00051878943673619;764.744547446851;0.00116196275115946;0.00051878943673619;""
765.397000074697;0.00116722079101348;0.000522066607642637;765.397000074697;0.00116722079101348;0.000522066607642637;""
766.049252495755;0.00117229221171888;0.000525274882215969;766.049252495755;0.00117229221171888;0.000525274882215969;""
766.701304705883;0.00117737589621549;0.000528462260988301;766.701304705883;0.00117737589621549;0.000528462260988301;""
767.353156700939;0.00118267036141772;0.00053167665618467;767.353156700939;0.00118267036141772;0.00053167665618467;""
768.00480847678;0.00118837375848278;0.000534965891787741;768.00480847678;0.00118837375848278;0.000534965891787741;""
768.656260029263;0.00119468387307893;0.000538377703602523;768.656260029263;0.00119468387307893;0.000538377703602523;""
769.307511354247;0.00120173362826612;0.000541945476590173;769.307511354247;0.00120173362826612;0.000541945476590173;""
769.958562447589;0.00120939783052682;0.000545645509353975;769.958562447589;0.00120939783052682;0.000545645509353975;""
770.609413305146;0.00121748707833013;0.000549439894419012;770.609413305146;0.00121748707833013;0.000549439894419012;""
771.260063922776;0.00122581231877085;0.000553290794071132;771.260063922776;0.00122581231877085;0.000553290794071132;""
771.910514296337;0.00123418484731348;0.000557160440305726;771.910514296337;0.00123418484731348;0.000557160440305726;""
772.560764421687;0.00124241630753637;0.000561011134776519;772.560764421687;0.00124241630753637;0.000561011134776519;""
773.210814294683;0.00125031869087585;0.000564805248744382;773.210814294683;0.00125031869087585;0.000564805248744382;""
773.860663911182;0.00125776091893238;0.000568517723491079;773.860663911182;0.00125776091893238;0.000568517723491079;""
774.510313267043;0.00126483838169202;0.000572173525443616;774.510313267043;0.00126483838169202;0.000572173525443616;""
775.159762358122;0.00127170282367758;0.000575810063890445;775.159762358122;0.00127170282367758;0.000575810063890445;""
775.809011180279;0.00127850570926779;0.000579464679007533;775.809011180279;0.00127850570926779;0.000579464679007533;""
776.458059729369;0.00128539822290338;0.000583174641909198;776.458059729369;0.00128539822290338;0.000583174641909198;""
777.106908001251;0.00129253126929336;0.000586977154699023;777.106908001251;0.00129253126929336;0.000586977154699023;""
777.755555991782;0.00130000298667731;0.000590896311148522;777.755555991782;0.00130000298667731;0.000590896311148522;""
778.40400369682;0.00130770148064947;0.000594904026938682;778.40400369682;0.00130770148064947;0.000594904026938682;""
779.052251112223;0.00131546262528811;0.000598959242316636;779.052251112223;0.00131546262528811;0.000598959242316636;""
779.700298233849;0.00132312259850887;0.000603020973493899;779.700298233849;0.00132312259850887;0.000603020973493899;""
780.348145057554;0.00133051788184062;0.000607048312590325;780.348145057554;0.00133051788184062;0.000607048312590325;""
780.995791579196;0.00133748526020133;0.00061100042757811;780.995791579196;0.00133748526020133;0.00061100042757811;""
781.643237794634;0.00134386182167413;0.000614836562225781;781.643237794634;0.00134386182167413;0.000614836562225781;""
782.290483699724;0.00134951328768333;0.000618513129398732;782.290483699724;0.00134951328768333;0.000618513129398732;""
782.937529290325;0.00135441889877242;0.000621975001866104;782.937529290325;0.00135441889877242;0.000621975001866104;""
783.584374562294;0.00135858623918726;0.000625164251052401;783.584374562294;0.00135858623918726;0.000625164251052401;""
784.231019511488;0.00136202288017409;0.00062802305630055;784.231019511488;0.00136202288017409;0.00062802305630055;""
784.877464133765;0.00136473637998905;0.000630493704792039;784.877464133765;0.00136473637998905;0.000630493704792039;""
785.523708424983;0.00136673428390756;0.000632518591467059;785.523708424983;0.00136673428390756;0.000632518591467059;""
786.169752381;0.00136802412423381;0.000634040218944676;786.169752381;0.00136802412423381;0.000634040218944676;""
786.815595997673;0.00136863543905421;0.000635026375641047;786.815595997673;0.00136863543905421;0.000635026375641047;""
787.461239270859;0.0013686857465278;0.000635545576573625;787.461239270859;0.0013686857465278;0.000635545576573625;""
788.106682196417;0.00136831434533144;0.000635691364788374;788.106682196417;0.00136831434533144;0.000635691364788374;""
788.751924770203;0.00136766027561059;0.000635557109852358;788.751924770203;0.00136766027561059;0.000635557109852358;""
789.396966988076;0.00136686231917085;0.000635236007982269;789.396966988076;0.00136686231917085;0.000635236007982269;""
790.041808845894;0.00136605899966949;0.000634821082172917;790.041808845894;0.00136605899966949;0.000634821082172917;""
790.686450339513;0.00136538858280693;0.000634405182325702;790.686450339513;0.00136538858280693;0.000634405182325702;""
791.330891464791;0.00136496362584251;0.000634072550481062;791.330891464791;0.00136496362584251;0.000634072550481062;""
791.975132217586;0.00136479472070288;0.000633873547725411;791.975132217586;0.00136479472070288;0.000633873547725411;""
792.619172593756;0.00136486701225732;0.000633850014042274;792.619172593756;0.00136486701225732;0.000633850014042274;""
793.263012589158;0.00136516567271974;0.000634043711136612;793.263012589158;0.00136516567271974;0.000634043711136612;""
793.906652199651;0.0013656759016284;0.000634496322493039;793.906652199651;0.0013656759016284;0.000634496322493039;""
794.55009142109;0.00136638292582568;0.000635249453434015;794.55009142109;0.00136638292582568;0.000635249453434015;""
795.193330249335;0.00136729720992023;0.000636335595164443;795.193330249335;0.00136729720992023;0.000636335595164443;""
795.836368680242;0.0013685299934785;0.000637751050565215;795.836368680242;0.0013685299934785;0.000637751050565215;""
796.47920670967;0.00137021749473987;0.000639483101366461;796.47920670967;0.00137021749473987;0.000639483101366461;""
797.121844333476;0.00137249567675496;0.000641519052591664;797.121844333476;0.00137249567675496;0.000641519052591664;""
797.764281547517;0.00137550024757582;0.000643846232540382;797.764281547517;0.00137550024757582;0.000643846232540382;""
798.406518347651;0.00137936666044595;0.000646451992770979;798.406518347651;0.00137936666044595;0.000646451992770979;""
799.048554729736;0.00138423011399044;0.000649323708083356;799.048554729736;0.00138423011399044;0.000649323708083356;""
799.69039068963;0.00139017776702659;0.000652449795852034;799.69039068963;0.00139017776702659;0.000652449795852034;""
800.33202622319;0.00139710556165151;0.000655822770240787;800.33202622319;0.00139710556165151;0.000655822770240787;""
800.973461326273;0.00140486189270175;0.000659436177454659;800.973461326273;0.00140486189270175;0.000659436177454659;""
801.614695994738;0.00141329543770064;0.000663283575425694;801.614695994738;0.00141329543770064;0.000663283575425694;""
802.255730224442;0.00142225515664737;0.000667358533804219;802.255730224442;0.00142225515664737;0.000667358533804219;""
802.896564011242;0.00143159029180626;0.000671654633950154;802.896564011242;0.00143159029180626;0.000671654633950154;""
803.537197350996;0.001441150367496;0.000676165468924318;803.537197350996;0.001441150367496;0.000676165468924318;""
804.177630239562;0.00145081237207061;0.000680882853792295;804.177630239562;0.00145081237207061;0.000680882853792295;""
804.817862672797;0.0014605622022035;0.000685791463274429;804.817862672797;0.0014605622022035;0.000685791463274429;""
805.45789464656;0.00147041293756459;0.000690874212554444;805.45789464656;0.00147041293756459;0.000690874212554444;""
806.097726156707;0.00148037763311557;0.000696114048624077;806.097726156707;0.00148037763311557;0.000696114048624077;""
806.737357199096;0.00149046931912851;0.000701493950259356;806.737357199096;0.00149046931912851;0.000701493950259356;""
807.376787769585;0.00150070100120431;0.000706996927996823;807.376787769585;0.00150070100120431;0.000706996927996823;""
808.016017864032;0.00151108722608703;0.000712606196922242;808.016017864032;0.00151108722608703;0.000712606196922242;""
808.655047478294;0.00152164877317791;0.000718305694433946;808.655047478294;0.00152164877317791;0.000718305694433946;""
809.293876608228;0.00153240794686133;0.00072407956064438;809.293876608228;0.00153240794686133;0.00072407956064438;""
809.932505249693;0.00154338700926706;0.000729911965382741;809.932505249693;0.00154338700926706;0.000729911965382741;""
810.570933398546;0.001554608180302;0.00073578710817267;810.570933398546;0.001554608180302;0.00073578710817267;""
811.209161050644;0.00156609363768188;0.000741689218210015;811.209161050644;0.00156609363768188;0.000741689218210015;""
811.847188201846;0.00157786551696304;0.000747602554340585;811.847188201846;0.00157786551696304;0.000747602554340585;""
812.485014848008;0.00158994523995118;0.000753521238084233;812.485014848008;0.00158994523995118;0.000753521238084233;""
813.122640984989;0.00160235150239798;0.000759478715663888;813.122640984989;0.00160235150239798;0.000759478715663888;""
813.760066608646;0.00161510229333165;0.000765518193977843;813.760066608646;0.00161510229333165;0.000765518193977843;""
814.397291714836;0.00162821556733934;0.000771682798338597;814.397291714836;0.00162821556733934;0.000771682798338597;""
815.034316299418;0.00164170924459323;0.000778015572534228;815.034316299418;0.00164170924459323;0.000778015572534228;""
815.671140358249;0.00165560121087633;0.000784559478889688;815.671140358249;0.00165560121087633;0.000784559478889688;""
816.307763887186;0.00166990931760853;0.000791357398328152;816.307763887186;0.00166990931760853;0.000791357398328152;""
816.944186882087;0.00168461921964014;0.000798429018290995;816.944186882087;0.00168461921964014;0.000798429018290995;""
817.58040933881;0.00169958801017399;0.000805701583753493;817.58040933881;0.00169958801017399;0.000805701583753493;""
818.216431253213;0.00171464092015358;0.000813079386533488;818.216431253213;0.00171464092015358;0.000813079386533488;""
818.852252621153;0.00172960351065864;0.000820466899151001;818.852252621153;0.00172960351065864;0.000820466899151001;""
819.487873438487;0.00174430167265649;0.000827768774692086;819.487873438487;0.00174430167265649;0.000827768774692086;""
820.123293701073;0.00175856162675325;0.000834889846672717;820.123293701073;0.00175856162675325;0.000834889846672717;""
820.75851340477;0.00177220992294523;0.000841735128902698;820.75851340477;0.00177220992294523;0.000841735128902698;""
821.393532545433;0.0017851431077348;0.000848256146577744;821.393532545433;0.0017851431077348;0.000848256146577744;""
822.028351118922;0.00179753646196913;0.000854589754254438;822.028351118922;0.00179753646196913;0.000854589754254438;""
822.662969121094;0.00180963453675494;0.000860918834954537;822.662969121094;0.00180963453675494;0.000860918834954537;""
823.297386547806;0.00182168142041208;0.000867425925285267;823.297386547806;0.00182168142041208;0.000867425925285267;""
823.931603394916;0.00183392073882309;0.000874293215701035;823.931603394916;0.00183392073882309;0.000874293215701035;""
824.565619658281;0.00184659565578261;0.000881702550765061;824.565619658281;0.00184659565578261;0.000881702550765061;""
825.19943533376;0.00185989020204302;0.000889773414983454;825.19943533376;0.00185989020204302;0.000889773414983454;""
825.83305041721;0.00187375348453876;0.000898377125265101;825.83305041721;0.00187375348453876;0.000898377125265101;""
826.466464904487;0.00188807609029584;0.000907323286317004;826.466464904487;0.00188807609029584;0.000907323286317004;""
827.099678791452;0.00190274881330114;0.000916421863695713;827.099678791452;0.00190274881330114;0.000916421863695713;""
827.732692073959;0.00191766265434555;0.000925483183534049;827.732692073959;0.00191766265434555;0.000925483183534049;""
828.365504747868;0.00193270882086772;0.000934317932268233;828.365504747868;0.00193270882086772;0.000934317932268233;""
828.998116809036;0.00194777872679735;0.000942737156364775;828.998116809036;0.00194777872679735;0.000942737156364775;""
829.63052825332;0.00196278462624414;0.000950609930137935;829.63052825332;0.00196278462624414;0.000950609930137935;""
830.262739076579;0.00197772143634138;0.00095803614025285;830.262739076579;0.00197772143634138;0.00095803614025285;""
830.894749274669;0.00199260469819569;0.000965173097290262;830.894749274669;0.00199260469819569;0.000965173097290262;""
831.526558843449;0.0020074499234212;0.000972177812984334;831.526558843449;0.0020074499234212;0.000972177812984334;""
832.158167778776;0.00202227259416181;0.000979207000449338;832.158167778776;0.00202227259416181;0.000979207000449338;""
832.789576076507;0.00203708816311363;0.000986417074406373;832.789576076507;0.00203708816311363;0.000986417074406373;""
833.420783732501;0.00205191205354735;0.000993964151410024;833.420783732501;0.00205191205354735;0.000993964151410024;""
834.051790742615;0.00206676247050615;0.00100195588962121;834.051790742615;0.00206676247050615;0.00100195588962121;""
834.682597102705;0.00208166882362963;0.00101030719141442;834.682597102705;0.00208166882362963;0.00101030719141442;""
835.313202808632;0.00209666327489147;0.00101888500632462;835.313202808632;0.00209666327489147;0.00101888500632462;""
835.94360785625;0.00211177792478779;0.00102755653726446;835.94360785625;0.00211177792478779;0.00102755653726446;""
836.57381224142;0.00212704481238429;0.0010361892403317;836.57381224142;0.00212704481238429;0.0010361892403317;""
837.203815959997;0.00214249591536271;0.00104465082461634;837.203815959997;0.00214249591536271;0.00104465082461634;""
837.83361900784;0.00215814444242537;0.00105284839137761;837.83361900784;0.00215814444242537;0.00105284839137761;""
838.463221380806;0.00217392878193284;0.00106084570233116;838.463221380806;0.00217392878193284;0.00106084570233116;""
839.092623074752;0.00218976874996237;0.00106874549965243;839.092623074752;0.00218976874996237;0.00106874549965243;""
839.721824085537;0.00220558431572156;0.00107665032933264;839.721824085537;0.00220558431572156;0.00107665032933264;""
840.350824409019;0.00222129560143149;0.00108466254132827;840.350824409019;0.00222129560143149;0.00108466254132827;""
840.979624041054;0.00223682288221004;0.00109288428971059;840.979624041054;0.00223682288221004;0.00109288428971059;""
841.6082229775;0.00225208658595525;0.00110141753281522;841.6082229775;0.00225208658595525;0.00110141753281522;""
842.236621214215;0.00226705143656491;0.00111033289965203;842.236621214215;0.00226705143656491;0.00111033289965203;""
842.864818747057;0.00228185871466856;0.00111957640814263;842.864818747057;0.00228185871466856;0.00111957640814263;""
843.492815571883;0.00229669353164654;0.00112906307515134;843.492815571883;0.00229669353164654;0.00112906307515134;""
844.12061168455;0.0023117406442555;0.00113870807994097;844.12061168455;0.0023117406442555;0.00113870807994097;""
844.748207080917;0.00232718445489952;0.00114842676404871;844.748207080917;0.00232718445489952;0.00114842676404871;""
845.375601756841;0.00234320901190097;0.00115813463116207;845.375601756841;0.00234320901190097;0.00115813463116207;""
846.00279570818;0.00235999800977163;0.00116774734699488;846.00279570818;0.00235999800977163;0.00116774734699488;""
846.629788930791;0.0023776608939271;0.00117720071767738;846.629788930791;0.0023776608939271;0.00117720071767738;""
847.256581420532;0.0023960114581368;0.00118651054843307;847.256581420532;0.0023960114581368;0.00118651054843307;""
847.88317317326;0.00241479002790376;0.00119571257369411;847.88317317326;0.00241479002790376;0.00119571257369411;""
848.509564184833;0.00243373742663408;0.00120484245944544;848.509564184833;0.00243373742663408;0.00120484245944544;""
849.13575445111;0.00245259497525546;0.00121393580327723;849.13575445111;0.00245259497525546;0.00121393580327723;""
849.761743967946;0.00247110449183573;0.00122302813443724;849.761743967946;0.00247110449183573;0.00122302813443724;""
850.387532731201;0.00248900829120188;0.00123215491388329;850.387532731201;0.00248900829120188;0.00123215491388329;""
851.013120736731;0.00250614444911845;0.00124135132724773;851.013120736731;0.00250614444911845;0.00124135132724773;""
851.638507980394;0.00252273222878083;0.00125065166442353;851.638507980394;0.00252273222878083;0.00125065166442353;""
852.263694458048;0.00253908564522548;0.00126008994227491;852.263694458048;0.00253908564522548;0.00126008994227491;""
852.88868016555;0.00255551810949046;0.00126970011197508;852.88868016555;0.00255551810949046;0.00126970011197508;""
853.513465098759;0.00257234242907952;0.00127951605905682;853.513465098759;0.00257234242907952;0.00127951605905682;""
854.138049253531;0.00258987080842572;0.00128957160346286;854.138049253531;0.00258987080842572;0.00128957160346286;""
854.762432625725;0.00260834866995757;0.00129989096590402;854.762432625725;0.00260834866995757;0.00129989096590402;""
855.386615211197;0.00262775637170856;0.00131046020361602;855.386615211197;0.00262775637170856;0.00131046020361602;""
856.010597005806;0.00264800819255284;0.00132125587582068;856.010597005806;0.00264800819255284;0.00132125587582068;""
856.634378005409;0.00266901857534114;0.00133225458658408;856.634378005409;0.00266901857534114;0.00133225458658408;""
857.257958205864;0.00269070212677484;0.00134343298478207;857.257958205864;0.00269070212677484;0.00134343298478207;""
857.881337603029;0.00271297361727992;0.00135476776406583;857.881337603029;0.00271297361727992;0.00135476776406583;""
858.50451619276;0.00273574798088091;0.00136623566282736;858.50451619276;0.00273574798088091;0.00136623566282736;""
859.127493970916;0.00275893355304197;0.00137782254109341;859.127493970916;0.00275893355304197;0.00137782254109341;""
859.750270933354;0.00278241181059374;0.00138955057617003;859.750270933354;0.00278241181059374;0.00138955057617003;""
860.372847075933;0.00280605770344688;0.00140145097042557;860.372847075933;0.00280605770344688;0.00140145097042557;""
860.995222394508;0.00282974642297983;0.00141355486562862;860.995222394508;0.00282974642297983;0.00141355486562862;""
861.617396884939;0.00285335340185276;0.00142589334299506;861.617396884939;0.00285335340185276;0.00142589334299506;""
862.239370543082;0.00287675431382102;0.00143849742323467;862.239370543082;0.00287675431382102;0.00143849742323467;""
862.861143364796;0.00289982507354915;0.00145139806659805;862.861143364796;0.00289982507354915;0.00145139806659805;""
863.482715345938;0.00292250712619949;0.00146460082228673;863.482715345938;0.00292250712619949;0.00146460082228673;""
864.104086482365;0.0029450030634518;0.00147800987487119;864.104086482365;0.0029450030634518;0.00147800987487119;""
864.725256769936;0.00296758031129783;0.00149150426813618;864.725256769936;0.00296758031129783;0.00149150426813618;""
865.346226204508;0.00299050577735824;0.00150496328011755;865.346226204508;0.00299050577735824;0.00150496328011755;""
865.966994781938;0.00301404585128374;0.00151826642292104;865.966994781938;0.00301404585128374;0.00151826642292104;""
866.587562498083;0.00303846640515614;0.00153129344254115;866.587562498083;0.00303846640515614;0.00153129344254115;""
867.207929348803;0.00306394710483272;0.0015439770474811;867.207929348803;0.00306394710483272;0.0015439770474811;""
867.828095329954;0.00309032467606782;0.00155646089013035;867.828095329954;0.00309032467606782;0.00155646089013035;""
868.448060437394;0.00311735055429423;0.00156894102191685;868.448060437394;0.00311735055429423;0.00156894102191685;""
869.06782466698;0.00314477665656773;0.00158161311356612;869.06782466698;0.00314477665656773;0.00158161311356612;""
869.687388014571;0.00317235538119391;0.0015946724553966;869.687388014571;0.00317235538119391;0.0015946724553966;""
870.306750476023;0.00319983960735477;0.00160831395761462;870.306750476023;0.00319983960735477;0.00160831395761462;""
870.925912047195;0.00322698269473581;0.00162273215060961;870.925912047195;0.00322698269473581;0.00162273215060961;""
871.544872723944;0.00325362001641032;0.00163805484275397;871.544872723944;0.00325362001641032;0.00163805484275397;""
872.163632502127;0.00327991324072738;0.00165414435156772;872.163632502127;0.00327991324072738;0.00165414435156772;""
872.782191377603;0.00330610517585496;0.00167079698334806;872.782191377603;0.00330610517585496;0.00167079698334806;""
873.400549346228;0.00333243815747477;0.00168780943997552;873.400549346228;0.00333243815747477;0.00168780943997552;""
874.018706403862;0.00335915404914984;0.00170497881860682;874.018706403862;0.00335915404914984;0.00170497881860682;""
874.63666254636;0.0033864942426913;0.00172210261136727;874.63666254636;0.0033864942426913;0.00172210261136727;""
875.25441776958;0.00341469965852585;0.0017389787050438;875.25441776958;0.00341469965852585;0.0017389787050438;""
875.871972069382;0.00344399535257008;0.00175548698952975;875.871972069382;0.00344399535257008;0.00175548698952975;""
876.489325441621;0.00347454439621063;0.00177183386519855;876.489325441621;0.00347454439621063;0.00177183386519855;""
877.106477882156;0.00350649416224593;0.00178830685916983;877.106477882156;0.00350649416224593;0.00178830685916983;""
877.723429386844;0.00353999173363468;0.00180519293731386;877.723429386844;0.00353999173363468;0.00180519293731386;""
878.340179951543;0.0035751839037223;0.00182277850468906;878.340179951543;0.0035751839037223;0.00182277850468906;""
878.95672957211;0.00361221717646694;0.00184134940597933;878.95672957211;0.00361221717646694;0.00184134940597933;""
879.573078244404;0.00365123776666581;0.0018611909259313;879.573078244404;0.00365123776666581;0.0018611909259313;""
880.189225964281;0.00369222636958891;0.0018824298991714;880.189225964281;0.00369222636958891;0.0018824298991714;""
880.805172727599;0.00373450311600329;0.00190456165663487;880.805172727599;0.00373450311600329;0.00190456165663487;""
881.420918530216;0.00377722439499761;0.00192692477845081;881.420918530216;0.00377722439499761;0.00192692477845081;""
882.03646336799;0.00381954824500454;0.00194885913808671;882.03646336799;0.00381954824500454;0.00194885913808671;""
882.651807236778;0.0038606343525121;0.00196970590133787;882.651807236778;0.0038606343525121;0.00196970590133787;""
883.266950132438;0.00389964405077553;0.00198880752531727;883.266950132438;0.00389964405077553;0.00198880752531727;""
883.881892050827;0.00393589958990901;0.00200567715995537;883.881892050827;0.00393589958990901;0.00200567715995537;""
884.496632987804;0.00396936132518359;0.00202050619023877;884.496632987804;0.00396936132518359;0.00202050619023877;""
885.111172939225;0.00400014880929148;0.0020336548658812;885.111172939225;0.00400014880929148;0.0020336548658812;""
885.725511900948;0.00402838136493424;0.00204548273321609;885.725511900948;0.00402838136493424;0.00204548273321609;""
886.339649868831;0.00405417808500213;0.00205634863574678;886.339649868831;0.00405417808500213;0.00205634863574678;""
886.953586838731;0.00407765783275341;0.00206661071469683;886.953586838731;0.00407765783275341;0.00206661071469683;""
887.567322806507;0.0040989392419938;0.00207662640956005;887.567322806507;0.0040989392419938;0.00207662640956005;""
888.180857768015;0.0041181107299653;0.00208665221735778;888.180857768015;0.0041181107299653;0.00208665221735778;""
888.794191719114;0.0041351406535311;0.00209654336334701;888.794191719114;0.0041351406535311;0.00209654336334701;""
889.407324655661;0.00414996747738416;0.0021060552145935;889.407324655661;0.00414996747738416;0.0021060552145935;""
890.020256573513;0.00416252979072216;0.00211494361944178;890.020256573513;0.00416252979072216;0.00211494361944178;""
890.632987468529;0.00417276630714922;0.00212296490713736;890.632987468529;0.00417276630714922;0.00212296490713736;""
891.245517336565;0.0041806158645776;0.00212987588744873;891.245517336565;0.0041806158645776;0.00212987588744873;""
891.85784617348;0.00418601742512947;0.00213543385028979;891.85784617348;0.00418601742512947;0.00213543385028979;""
892.469973975131;0.00418906376298375;0.00213950900175587;892.469973975131;0.00418906376298375;0.00213950900175587;""
893.081900737375;0.00419046192250902;0.00214242132993416;893.081900737375;0.00419046192250902;0.00214242132993416;""
893.693626456071;0.00419107109516614;0.0021446025204123;893.693626456071;0.00419107109516614;0.0021446025204123;""
894.305151127076;0.00419174878142167;0.00214648340971718;894.305151127076;0.00419174878142167;0.00214648340971718;""
894.916474746248;0.00419335079207861;0.00214849398598306;894.916474746248;0.00419335079207861;0.00214849398598306;""
895.527597309443;0.00419673124960671;0.00215106338961943;895.527597309443;0.00419673124960671;0.00215106338961943;""
896.138518812521;0.00420274258947248;0.00215461991397877;896.138518812521;0.00420274258947248;0.00215461991397877;""
896.749239251337;0.00421192319506986;0.00215948106742573;896.749239251337;0.00421192319506986;0.00215948106742573;""
897.359758621751;0.00422356153373968;0.00216552419248118;897.359758621751;0.00422356153373968;0.00216552419248118;""
897.970076919619;0.00423663541528421;0.00217251704179693;897.970076919619;0.00423663541528421;0.00217251704179693;""
898.5801941408;0.00425012466539337;0.00218022782501291;898.5801941408;0.00425012466539337;0.00218022782501291;""
899.190110281151;0.0042630111240543;0.00218842520839679;899.190110281151;0.0042630111240543;0.00218842520839679;""
899.799825336529;0.00427427864396158;0.00219687831448375;899.799825336529;0.00427427864396158;0.00219687831448375;""
900.409339302792;0.00428328093893875;0.00220542147057599;900.409339302792;0.00428328093893875;0.00220542147057599;""
901.018652175798;0.0042908436762723;0.00221414819865778;901.018652175798;0.0042908436762723;0.00221414819865778;""
901.627763951405;0.00429815837845099;0.00222321652019754;901.627763951405;0.00429815837845099;0.00222321652019754;""
902.236674625469;0.00430641421081911;0.00223278414342966;902.236674625469;0.00430641421081911;0.00223278414342966;""
902.845384193849;0.00431679798344042;0.00224300846360226;902.845384193849;0.00431679798344042;0.00224300846360226;""
903.453892652402;0.00433049415296164;0.00225404656322492;903.453892652402;0.00433049415296164;0.00225404656322492;""
904.062199996986;0.00434868482447546;0.00226605521231636;904.062199996986;0.00434868482447546;0.00226605521231636;""
904.670306223458;0.00437216832995024;0.0022791748576769;904.670306223458;0.00437216832995024;0.0022791748576769;""
905.278211327677;0.00440021647334629;0.00229348165374501;905.278211327677;0.00440021647334629;0.00229348165374501;""
905.885915305499;0.00443172144987296;0.00230903560688696;905.885915305499;0.00443172144987296;0.00230903560688696;""
906.493418152782;0.00446557764625262;0.00232589660235947;906.493418152782;0.00446557764625262;0.00232589660235947;""
907.100719865385;0.00450068163898405;0.00234412440440611;907.100719865385;0.00450068163898405;0.00234412440440611;""
907.707820439164;0.00453593219260609;0.00236377865635344;907.707820439164;0.00453593219260609;0.00236377865635344;""
908.314719869977;0.00457023025796215;0.0023849188807075;908.314719869977;0.00457023025796215;0.0023849188807075;""
908.921418153682;0.00460291617064232;0.00240756735691433;908.921418153682;0.00460291617064232;0.00240756735691433;""
909.527915286136;0.00463507951062078;0.00243159790211982;909.527915286136;0.00463507951062078;0.00243159790211982;""
910.134211263198;0.00466824445832473;0.00245684749653861;910.134211263198;0.00466824445832473;0.00245684749653861;""
910.740306080724;0.00470393216187063;0.00248315344246906;910.740306080724;0.00470393216187063;0.00248315344246906;""
911.346199734572;0.00474366073947503;0.00251035336403782;911.346199734572;0.00474366073947503;0.00251035336403782;""
911.9518922206;0.00478894528186447;0.00253828520694406;911.9518922206;0.00478894528186447;0.00253828520694406;""
912.557383534666;0.00484080026296159;0.0025668228885827;912.557383534666;0.00484080026296159;0.0025668228885827;""
913.162673672627;0.00489824875070879;0.00259598310680953;913.162673672627;0.00489824875070879;0.00259598310680953;""
913.76776263034;0.00495981865378649;0.00262581814000004;913.76776263034;0.00495981865378649;0.00262581814000004;""
914.372650403664;0.00502404080713894;0.00265638016120903;914.372650403664;0.00502404080713894;0.00265638016120903;""
914.977336988456;0.00508944896964381;0.00268772123825449;914.977336988456;0.00508944896964381;0.00268772123825449;""
915.581822380574;0.00515457982178289;0.00271989333380178;915.581822380574;0.00515457982178289;0.00271989333380178;""
916.186106575875;0.00521797296331318;0.00275294830544763;916.186106575875;0.00521797296331318;0.00275294830544763;""
916.790189570216;0.00527862659283838;0.00278692605476606;916.790189570216;0.00527862659283838;0.00278692605476606;""
917.394071359456;0.00533736273016792;0.00282181902163786;917.394071359456;0.00533736273016792;0.00282181902163786;""
917.997751939452;0.00539545698347975;0.00285760782027674;917.997751939452;0.00539545698347975;0.00285760782027674;""
918.601231306062;0.00545418241398412;0.00289427310208372;918.601231306062;0.00545418241398412;0.00289427310208372;""
919.204509455143;0.00551480953795745;0.00293179555561752;919.204509455143;0.00551480953795745;0.00293179555561752;""
919.807586382554;0.00557860632877621;0.00297015590656526;919.807586382554;0.00557860632877621;0.00297015590656526;""
920.41046208415;0.0056468382189494;0.00300933491771275;920.41046208415;0.0056468382189494;0.00300933491771275;""
921.013136555791;0.00572042281817797;0.00304934427343495;921.013136555791;0.00572042281817797;0.00304934427343495;""
921.615609793334;0.00579889544672477;0.00309031910949648;921.615609793334;0.00579889544672477;0.00309031910949648;""
922.217881792636;0.00588144740857871;0.00313242514307342;922.217881792636;0.00588144740857871;0.00313242514307342;""
922.819952549555;0.00596727162011974;0.00317582775755468;922.819952549555;0.00596727162011974;0.00317582775755468;""
923.421822059948;0.00605556260882852;0.0032206920028095;923.421822059948;0.00605556260882852;0.0032206920028095;""
924.023490319674;0.00614551651199707;0.00326718259545517;924.023490319674;0.00614551651199707;0.00326718259545517;""
924.62495732459;0.00623633107543885;0.00331546391912419;924.62495732459;0.00623633107543885;0.00331546391912419;""
925.226223070554;0.00632739010272786;0.00336558836885494;925.226223070554;0.00632739010272786;0.00336558836885494;""
925.827287553422;0.0064188160647179;0.00341716183215091;925.827287553422;0.0064188160647179;0.00341716183215091;""
926.428150769053;0.0065109154511187;0.00346967944113344;926.428150769053;0.0065109154511187;0.00346967944113344;""
927.028812713305;0.00660399413518;0.00352263733976581;927.028812713305;0.00660399413518;0.00352263733976581;""
927.629273382035;0.00669835737418658;0.00357553268304105;927.629273382035;0.00669835737418658;0.00357553268304105;""
928.2295327711;0.00679430980995352;0.00362786363617024;928.2295327711;0.00679430980995352;0.00362786363617024;""
928.829590876359;0.00689205330431092;0.0036792989431924;928.829590876359;0.00689205330431092;0.0036792989431924;""
929.429447693668;0.00699138085574985;0.00373018595196225;929.429447693668;0.00699138085574985;0.00373018595196225;""
930.029103218886;0.00709198381407252;0.00378104071150208;930.029103218886;0.00709198381407252;0.00378104071150208;""
930.62855744787;0.00719355414774942;0.00383237823271671;930.62855744787;0.00719355414774942;0.00383237823271671;""
931.227810376477;0.00729578444342238;0.003884712489229;931.227810376477;0.00729578444342238;0.003884712489229;""
931.826862000566;0.00739836790540744;0.0039385564182151;931.826862000566;0.00739836790540744;0.0039385564182151;""
932.425712315994;0.00750099835519705;0.00399442192123903;932.425712315994;0.00750099835519705;0.00399442192123903;""
933.024361318618;0.0076035513762085;0.0040527081800018;933.024361318618;0.0076035513762085;0.0040527081800018;""
933.622809004297;0.00770662701814764;0.00411336705254013;933.622809004297;0.00770662701814764;0.00411336705254013;""
934.221055368887;0.0078110050825398;0.00417623891741345;934.221055368887;0.0078110050825398;0.00417623891741345;""
934.819100408247;0.0079174637959497;0.00424116447124379;934.819100408247;0.0079174637959497;0.00424116447124379;""
935.416944118234;0.00802677981125165;0.00430798472845937;935.416944118234;0.00802677981125165;0.00430798472845937;""
936.014586494705;0.0081397282089004;0.00437654102103883;936.014586494705;0.0081397282089004;0.00437654102103883;""
936.612027533519;0.00825708249820195;0.00444667499825563;936.612027533519;0.00825708249820195;0.00444667499825563;""
937.209267230532;0.00837930025197133;0.00451818912969041;937.209267230532;0.00837930025197133;0.00451818912969041;""
937.806305581604;0.00850558127953562;0.00459072837454041;937.806305581604;0.00850558127953562;0.00459072837454041;""
938.40314258259;0.00863481295168604;0.00466389895095936;938.40314258259;0.00863481295168604;0.00466389895095936;""
938.999778229349;0.00876588488352146;0.00473730787210573;938.999778229349;0.00876588488352146;0.00473730787210573;""
939.596212517738;0.00889768893263275;0.00481056294549919;939.596212517738;0.00889768893263275;0.00481056294549919;""
940.192445443616;0.00902911919728955;0.00488327277237837;940.192445443616;0.00902911919728955;0.00488327277237837;""
940.788477002839;0.0091593932792339;0.00495522429110802;940.788477002839;0.0091593932792339;0.00495522429110802;""
941.384307191265;0.00928901477343234;0.00502691468900513;941.384307191265;0.00928901477343234;0.00502691468900513;""
941.979936004752;0.00941880719490618;0.00509901751088778;941.979936004752;0.00941880719490618;0.00509901751088778;""
942.575363439158;0.00954959238975285;0.00517220493612392;942.575363439158;0.00954959238975285;0.00517220493612392;""
943.170589490339;0.00968219053649852;0.00524714777973818;943.170589490339;0.00968219053649852;0.00524714777973818;""
943.765614154155;0.00981742014745218;0.00532451549351945;943.765614154155;0.00981742014745218;0.00532451549351945;""
944.360437426461;0.00995609807005593;0.0054049761671262;944.360437426461;0.00995609807005593;0.0054049761671262;""
944.955059303117;0.0100988482157661;0.00548892033811595;944.955059303117;0.0100988482157661;0.00548892033811595;""
945.549479779979;0.0102455285212653;0.00557563354218455;945.549479779979;0.0102455285212653;0.00557563354218455;""
946.143698852905;0.010395806126624;0.00566412685042036;946.143698852905;0.010395806126624;0.00566412685042036;""
946.737716517754;0.0105493488416451;0.00575341333948102;946.737716517754;0.0105493488416451;0.00575341333948102;""
947.331532770381;0.0107058251453189;0.00584250808996296;947.331532770381;0.0107058251453189;0.00584250808996296;""
947.925147606646;0.0108649041852826;0.00593042818477364;947.925147606646;0.0108649041852826;0.00593042818477364;""
948.518561022405;0.0110262557772747;0.00601619270750137;948.518561022405;0.0110262557772747;0.00601619270750137;""
949.111773013517;0.0111896609645949;0.00609924939626784;949.111773013517;0.0111896609645949;0.00609924939626784;""
949.704783575838;0.011355343247143;0.00618075287035231;949.704783575838;0.011355343247143;0.00618075287035231;""
950.297592705227;0.0115236361131364;0.00626228162220978;950.297592705227;0.0115236361131364;0.00626228162220978;""
950.890200397541;0.0116948723670058;0.0063454109298516;950.890200397541;0.0116948723670058;0.0063454109298516;""
951.482606648638;0.0118693841299547;0.00643171285946565;951.482606648638;0.0118693841299547;0.00643171285946565;""
952.074811454376;0.0120475028405164;0.00652275626803502;952.074811454376;0.0120475028405164;0.00652275626803502;""
952.666814810611;0.0122295592551113;0.00662010680595598;952.666814810611;0.0122295592551113;0.00662010680595598;""
953.258616713202;0.0124156919273659;0.00672483791388116;953.258616713202;0.0124156919273659;0.00672483791388116;""
953.850217158005;0.0126052734271715;0.00683606580524396;953.850217158005;0.0126052734271715;0.00683606580524396;""
954.44161614088;0.0127974862729981;0.00695241997915937;954.44161614088;0.0127974862729981;0.00695241997915937;""
955.032813657684;0.0129915146474249;0.00707253272347335;955.032813657684;0.0129915146474249;0.00707253272347335;""
955.623809704273;0.0131865443957826;0.00719503911248591;955.623809704273;0.0131865443957826;0.00719503911248591;""
956.214604276507;0.0133817630247958;0.00731857700467556;956.214604276507;0.0133817630247958;0.00731857700467556;""
956.805197370241;0.013576828096562;0.007442077256212;956.805197370241;0.013576828096562;0.007442077256212;""
957.395588981335;0.0137732704960102;0.00756563317816096;957.395588981335;0.0137732704960102;0.00756563317816096;""
957.985779105645;0.0139730858905269;0.0076896278093354;957.985779105645;0.0139730858905269;0.0076896278093354;""
958.575767739029;0.0141782658584315;0.00781444340402966;958.575767739029;0.0141782658584315;0.00781444340402966;""
959.165554877345;0.0143907978923253;0.00794046143266178;959.165554877345;0.0143907978923253;0.00794046143266178;""
959.75514051645;0.0146126654024404;0.00806806258241558;959.75514051645;0.0146126654024404;0.00806806258241558;""
960.344524652203;0.0148458477199883;0.00819762675788384;960.344524652203;0.0148458477199883;0.00819762675788384;""
960.93370728046;0.0150914360269949;0.00832954913624574;960.93370728046;0.0150914360269949;0.00832954913624574;""
961.522688397079;0.0153469847669343;0.00846428826563969;961.522688397079;0.0153469847669343;0.00846428826563969;""
962.111467997919;0.0156091702132691;0.00860231778697765;962.111467997919;0.0156091702132691;0.00860231778697765;""
962.700046078835;0.0158746754447719;0.00874411036373287;962.700046078835;0.0158746754447719;0.00874411036373287;""
963.288422635688;0.0161401903399441;0.00889013768274583;963.288422635688;0.0161401903399441;0.00889013768274583;""
963.876597664332;0.0164024115714252;0.00904087045502457;963.876597664332;0.0164024115714252;0.00904087045502457;""
964.464571160628;0.0166580426004162;0.009196778416551;964.464571160628;0.0166580426004162;0.009196778416551;""
965.052343120431;0.0169052558696882;0.0093581049366426;965.052343120431;0.0169052558696882;0.0093581049366426;""
965.639913539599;0.0171480733783615;0.0095241917686986;965.639913539599;0.0171480733783615;0.0095241917686986;""
966.227282413991;0.0173919695602129;0.00969415684998584;966.227282413991;0.0173919695602129;0.00969415684998584;""
966.814449739464;0.0176424075897504;0.00986711992451792;966.814449739464;0.0176424075897504;0.00986711992451792;""
967.401415511875;0.0179048393914843;0.0100422025415697;967.401415511875;0.0179048393914843;0.0100422025415697;""
967.988179727083;0.0181847056491956;0.0102185280541913;967.988179727083;0.0181847056491956;0.0102185280541913;""
968.574742380944;0.0184857452966746;0.0103954609204775;968.574742380944;0.0184857452966746;0.0103954609204775;""
969.161103469317;0.0188049309413405;0.0105733236237166;969.161103469317;0.0188049309413405;0.0105733236237166;""
969.747262988058;0.0191375526186866;0.0107526770371262;969.747262988058;0.0191375526186866;0.0107526770371262;""
970.333220933026;0.0194789100461651;0.0109340808752761;970.333220933026;0.0194789100461651;0.0109340808752761;""
970.918977300078;0.0198243126151982;0.0111180936950424;970.918977300078;0.0198243126151982;0.0111180936950424;""
971.504532085072;0.020169079383197;0.0113052728965658;971.504532085072;0.020169079383197;0.0113052728965658;""
972.089885283866;0.0205085390655798;0.0114961747242066;972.089885283866;0.0205085390655798;0.0114961747242066;""
972.675036892316;0.0208395810405973;0.0116913245992603;972.675036892316;0.0208395810405973;0.0116913245992603;""
973.259986906281;0.0211653019686838;0.0118911282388297;973.259986906281;0.0211653019686838;0.0118911282388297;""
973.844735321618;0.0214903415338075;0.0120959608759682;973.844735321618;0.0214903415338075;0.0120959608759682;""
974.429282134186;0.0218193298350318;0.0123061969592452;974.429282134186;0.0218193298350318;0.0123061969592452;""
975.013627339841;0.0221568873944419;0.0125222101533953;975.013627339841;0.0221568873944419;0.0125222101533953;""
975.597770934441;0.0225076251650763;0.0127443733399698;975.597770934441;0.0225076251650763;0.0127443733399698;""
976.181712913843;0.0228761445388511;0.0129730586179865;976.181712913843;0.0228761445388511;0.0129730586179865;""
976.765453273906;0.0232660815566308;0.0132086053762987;976.765453273906;0.0232660815566308;0.0132086053762987;""
977.348992010487;0.023677243483482;0.0134512246417102;977.348992010487;0.023677243483482;0.0134512246417102;""
977.932329119444;0.0241084831372966;0.0137010950958731;977.932329119444;0.0241084831372966;0.0137010950958731;""
978.515464596634;0.0245586556754261;0.0139583950369834;978.515464596634;0.0245586556754261;0.0139583950369834;""
979.098398437915;0.025026618592749;0.0142233023801023;979.098398437915;0.025026618592749;0.0142233023801023;""
979.681130639144;0.025511231719735;0.0144959946574759;979.681130639144;0.025511231719735;0.0144959946574759;""
980.26366119618;0.026011357220513;0.0147766490188562;980.26366119618;0.026011357220513;0.0147766490188562;""
980.845990104879;0.0265256816493877;0.0150651073671305;980.845990104879;0.0265256816493877;0.0150651073671305;""
981.428117361099;0.0270521828635679;0.0153598731558453;981.428117361099;0.0270521828635679;0.0153598731558453;""
982.010042960698;0.0275886651388104;0.0156591184167469;982.010042960698;0.0275886651388104;0.0156591184167469;""
982.591766899534;0.0281329372921087;0.0159610189693109;982.591766899534;0.0281329372921087;0.0159610189693109;""
983.173289173464;0.0286828126779168;0.0162637544175916;983.173289173464;0.0286828126779168;0.0162637544175916;""
983.754609778346;0.0292361091843779;0.016565508147075;983.754609778346;0.0292361091843779;0.016565508147075;""
984.335728710038;0.0297913837998413;0.0168653972165457;984.335728710038;0.0297913837998413;0.0168653972165457;""
984.916645964396;0.0303501332612991;0.0171662581680148;984.916645964396;0.0303501332612991;0.0171662581680148;""
985.497361537279;0.0309145849905347;0.0174718505669421;985.497361537279;0.0309145849905347;0.0174718505669421;""
986.077875424545;0.0314869617626587;0.0177859261452778;986.077875424545;0.0314869617626587;0.0177859261452778;""
986.65818762205;0.032069481709983;0.0181122288079939;986.65818762205;0.032069481709983;0.0181122288079939;""
987.238298125653;0.0326643583259013;0.018454494639618;987.238298125653;0.0326643583259013;0.018454494639618;""
987.818206931211;0.0332738004687574;0.0188164519107596;987.818206931211;0.0332738004687574;0.0188164519107596;""
988.397914034582;0.0339003076041583;0.0192006494410704;988.397914034582;0.0339003076041583;0.0192006494410704;""
988.977419431623;0.0345475542916453;0.0196049465662248;988.977419431623;0.0345475542916453;0.0196049465662248;""
989.556723118192;0.03521950231776;0.0200260366291677;989.556723118192;0.03521950231776;0.0200260366291677;""
990.135825090147;0.0359201051562848;0.0204606198413483;990.135825090147;0.0359201051562848;0.0204606198413483;""
990.714725343345;0.0366533079751981;0.0209054032769823;990.714725343345;0.0366533079751981;0.0209054032769823;""
991.293423873644;0.0374230476436318;0.0213571008673183;991.293423873644;0.0374230476436318;0.0213571008673183;""
991.871920676901;0.0382332527388224;0.0218124333949022;991.871920676901;0.0382332527388224;0.0218124333949022;""
992.450215748975;0.0390851615422615;0.0222692023478715;992.450215748975;0.0390851615422615;0.0222692023478715;""
993.028309085722;0.0399692872395401;0.0227295069997487;993.028309085722;0.0399692872395401;0.0227295069997487;""
993.606200683;0.0408734835913157;0.0231965149632765;993.606200683;0.0408734835913157;0.0231965149632765;""
994.183890536668;0.0417856297305868;0.0236733872117618;994.183890536668;0.0417856297305868;0.0236733872117618;""
994.761378642582;0.0426936301414249;0.0241632780846397;994.761378642582;0.0426936301414249;0.0241632780846397;""
995.3386649966;0.0435854146377252;0.024669335293044;995.3386649966;0.0435854146377252;0.024669335293044;""
995.91574959458;0.0444541621120555;0.0251940760282584;995.91574959458;0.0444541621120555;0.0251940760282584;""
996.49263243238;0.0453139499125444;0.0257375178930079;996.49263243238;0.0453139499125444;0.0257375178930079;""
997.069313505856;0.046184044189888;0.0262990551752478;997.069313505856;0.046184044189888;0.0262990551752478;""
997.645792810867;0.0470836706804218;0.026878083398842;997.645792810867;0.0470836706804218;0.026878083398842;""
998.222070343271;0.0480320147400739;0.027473999322527;998.222070343271;0.0480320147400739;0.027473999322527;""
998.798146098924;0.0490482213783126;0.0280862009388781;998.798146098924;0.0490482213783126;0.0280862009388781;""
999.374020073685;0.0501513952920944;0.0287140874732823;999.374020073685;0.0501513952920944;0.0287140874732823;""
999.949692263411;0.0513545088778155;0.0293568441233603;999.949692263411;0.0513545088778155;0.0293568441233603;""
1000.52516266396;0.0526461518199167;0.0300127971846109;1000.52516266396;0.0526461518199167;0.0300127971846109;""
1001.10043127119;0.0540088519976225;0.0306800614112378;1001.10043127119;0.0540088519976225;0.0306800614112378;""
1001.67549808096;0.055425173884486;0.0313567554988123;1001.67549808096;0.055425173884486;0.0313567554988123;""
1002.25036308912;0.0568777185175561;0.0320410020809453;1002.25036308912;0.0568777185175561;0.0320410020809453;""
1002.82502629154;0.0583491234666519;0.0327309277260047;1002.82502629154;0.0583491234666519;0.0327309277260047;""
1003.39948768406;0.0598220628034458;0.0334246629337412;1003.39948768406;0.0598220628034458;0.0334246629337412;""
1003.97374726256;0.0612850386706569;0.0341227485892211;1003.97374726256;0.0612850386706569;0.0341227485892211;""
1004.54780502288;0.0627497316299049;0.0348353451839625;1004.54780502288;0.0627497316299049;0.0348353451839625;""
1005.12166096088;0.064233583123585;0.0355749956956313;1005.12166096088;0.064233583123585;0.0355749956956313;""
1005.69531507243;0.0657539977979131;0.036354216615238;1005.69531507243;0.0657539977979131;0.036354216615238;""
1006.26876735338;0.0673283435339394;0.0371854979694813;1006.26876735338;0.0673283435339394;0.0371854979694813;""
1006.84201779958;0.0689739514786786;0.0380813033431492;1006.84201779958;0.0689739514786786;0.0380813033431492;""
1007.4150664069;0.0707081160762405;0.0390540699015218;1007.4150664069;0.0707081160762405;0.0390540699015218;""
1007.98791317118;0.0725429768100846;0.0401114339061144;1007.98791317118;0.0725429768100846;0.0401114339061144;""
1008.5605580883;0.0744701850061263;0.0412419274020051;1008.5605580883;0.0744701850061263;0.0412419274020051;""
1009.13300115411;0.0764762965710271;0.0424293370594431;1009.13300115411;0.0764762965710271;0.0424293370594431;""
1009.70524236446;0.0785478956692365;0.0436574837002049;1009.70524236446;0.0785478956692365;0.0436574837002049;""
1010.27728171521;0.0806715946991219;0.0449102222687088;1010.27728171521;0.0806715946991219;0.0449102222687088;""
1010.84911920222;0.0828340342690282;0.0461714418030919;1010.84911920222;0.0828340342690282;0.0461714418030919;""
1011.42075482135;0.0850282507245596;0.047427844180406;1011.42075482135;0.0850282507245596;0.047427844180406;""
1011.99218856845;0.0872727517986765;0.0486772686362299;1011.99218856845;0.0872727517986765;0.0486772686362299;""
1012.56342043939;0.089592366751193;0.049920334823025;1012.56342043939;0.089592366751193;0.049920334823025;""
1013.13445043002;0.0920118721139397;0.0511576610921271;1013.13445043002;0.0920118721139397;0.0511576610921271;""
1013.70527853619;0.0945559917356281;0.0523898644948924;1013.70527853619;0.0945559917356281;0.0523898644948924;""
1014.27590475377;0.0972493968267237;0.0536175607838432;1014.27590475377;0.0972493968267237;0.0536175607838432;""
1014.84632907862;0.100116706004088;0.0548413644137054;1014.84632907862;0.100116706004088;0.0548413644137054;""
1015.41655150658;0.103173288621525;0.056067576349172;1015.41655150658;0.103173288621525;0.056067576349172;""
1015.98657203353;0.106397713741334;0.0573252233235983;1015.98657203353;0.106397713741334;0.0573252233235983;""
1016.55639065531;0.109759408646727;0.0586489521631163;1016.55639065531;0.109759408646727;0.0586489521631163;""
1017.12600736778;0.113227865273496;0.0600733359991255;1017.12600736778;0.113227865273496;0.0600733359991255;""
1017.6954221668;0.116772640154905;0.0616328743310163;1017.6954221668;0.116772640154905;0.0616328743310163;""
1018.26463504824;0.120363354366775;0.0633619930889456;1018.26463504824;0.120363354366775;0.0633619930889456;""
1018.83364600794;0.123969693472258;0.0652950446964418;1018.83364600794;0.123969693472258;0.0652950446964418;""
1019.40245504176;0.127590745407352;0.0674498468912913;1019.40245504176;0.127590745407352;0.0674498468912913;""
1019.97106214557;0.131342889287167;0.0697783691757475;1019.97106214557;0.131342889287167;0.0697783691757475;""
1020.53946731521;0.135371562995683;0.072216239222647;1020.53946731521;0.135371562995683;0.072216239222647;""
1021.10767054656;0.139821894255238;0.0746992215381813;1021.10767054656;0.139821894255238;0.0746992215381813;""
1021.67567183546;0.144838700890826;0.0771632173447785;1021.67567183546;0.144838700890826;0.0771632173447785;""
1022.24347117776;0.150566491095222;0.07954426446458;1022.24347117776;0.150566491095222;0.07954426446458;""
1022.81106856934;0.15714946369398;0.0817785372028059;1022.81106856934;0.15714946369398;0.0817785372028059;""
1023.37846400605;0.164206760504364;0.0839178008959209;1023.37846400605;0.164206760504364;0.0839178008959209;""
1023.94565748374;0.171261545336936;0.0860563031384303;1023.94565748374;0.171261545336936;0.0860563031384303;""
1024.51264899828;0.178313818140327;0.0881940439147625;1024.51264899828;0.178313818140327;0.0881940439147625;""
1025.07943854552;0.185363578862918;0.0903310232092704;1025.07943854552;0.185363578862918;0.0903310232092704;""
1025.64602612131;0.192410827453093;0.0924672410063079;1025.64602612131;0.192410827453093;0.0924672410063079;""
1026.21241172152;0.199455563859483;0.0946026972903033;1026.21241172152;0.199455563859483;0.0946026972903033;""
