"wl";"up_coef";"dw_coef";"wl_F";"up_coef_F";"dw_coef_F";"Device ID"
650.610192426269;0.00319725847152271;0.00167757802727681;650.610192426269;0.00319725847152271;0.00167757802727681;"AIRFLOX05FZJ"
650.794523440554;0.00318966752059086;0.0016745472187192;650.794523440554;0.00318966752059086;0.0016745472187192;"Date"
650.978774367068;0.0031820798677602;0.00167151772698123;650.978774367068;0.0031820798677602;0.00167151772698123;"20230531"
651.162945280029;0.00317449550997437;0.00166848955084262;651.162945280029;0.00317449550997437;0.00166848955084262;"Technician"
651.34703625365;0.0031669144441772;0.00166546268908311;651.34703625365;0.0031669144441772;0.00166546268908311;"Mitch"
651.531047362147;0.00315933666731238;0.00166243714048245;651.531047362147;0.00315933666731238;0.00166243714048245;"Place"
651.714978679736;0.00315211303963382;0.00165955261756692;651.714978679736;0.00315211303963382;0.00165955261756692;"JB HQ"
651.89883028063;0.00314552478422221;0.00165691624715571;651.89883028063;0.00314552478422221;0.00165691624715571;""
652.082602239047;0.00313946764521824;0.00165447924448273;652.082602239047;0.00313946764521824;0.00165447924448273;""
652.2662946292;0.00313383763680395;0.00165219295120233;652.2662946292;0.00313383763680395;0.00165219295120233;""
652.449907525305;0.00312853104249329;0.00165000883505702;652.449907525305;0.00312853104249329;0.00165000883505702;""
652.633441001578;0.00312344441442418;0.00164787848954586;652.633441001578;0.00312344441442418;0.00164787848954586;""
652.816895132232;0.0031184745726519;0.0016457536335934;652.816895132232;0.0031184745726519;0.0016457536335934;""
653.000269991485;0.00311353643696643;0.00164359860995998;653.000269991485;0.00311353643696643;0.00164359860995998;""
653.18356565355;0.00310861643135825;0.00164142781637204;653.18356565355;0.00310861643135825;0.00164142781637204;""
653.366782192643;0.00310371882437552;0.00163926809586644;653.366782192643;0.00310371882437552;0.00163926809586644;""
653.54991968298;0.00309884787349376;0.00163714622201709;653.54991968298;0.00309884787349376;0.00163714622201709;""
653.732978198774;0.00309400782514527;0.00163508889911847;653.732978198774;0.00309400782514527;0.00163508889911847;""
653.915957814243;0.00308920291474814;0.0016331227623686;653.915957814243;0.00308920291474814;0.0016331227623686;""
654.0988586036;0.0030844373667358;0.00163127437805207;654.0988586036;0.0030844373667358;0.00163127437805207;""
654.281680641061;0.00307971345061757;0.00162956184085482;654.281680641061;0.00307971345061757;0.00162956184085482;""
654.464424000842;0.00307502565913964;0.00162796960882853;654.464424000842;0.00307502565913964;0.00162796960882853;""
654.647088757156;0.00307036655774811;0.00162647378794375;654.647088757156;0.00307036655774811;0.00162647378794375;""
654.829674984221;0.00306572873101969;0.00162505054565829;654.829674984221;0.00306572873101969;0.00162505054565829;""
655.01218275625;0.00306110478261145;0.00162367611075486;655.01218275625;0.00306110478261145;0.00162367611075486;""
655.194612147459;0.00305648733521019;0.00162232677317897;655.194612147459;0.00305648733521019;0.00162232677317897;""
655.376963232064;0.0030518690304821;0.00162097888387715;655.376963232064;0.0030518690304821;0.00162097888387715;""
655.559236084278;0.0030472448969435;0.00161960895699648;655.559236084278;0.0030472448969435;0.00161960895699648;""
655.741430778319;0.0030426194414912;0.00161819397627998;655.741430778319;0.0030426194414912;0.00161819397627998;""
655.9235473884;0.00303799952431584;0.00161671108690279;655.9235473884;0.00303799952431584;0.00161671108690279;""
656.105585988737;0.00303339198797743;0.0016151374928226;656.105585988737;0.00303339198797743;0.0016151374928226;""
656.287546653546;0.00302880365745221;0.00161345045662343;656.287546653546;0.00302880365745221;0.00161345045662343;""
656.46942945704;0.00302424134017949;0.00161162729935966;656.46942945704;0.00302424134017949;0.00161162729935966;""
656.651234473437;0.00301971182610801;0.00160964540040027;656.651234473437;0.00301971182610801;0.00160964540040027;""
656.83296177695;0.00301522182458817;0.00160749656808727;656.83296177695;0.00301522182458817;0.00160749656808727;""
657.014611441795;0.00301077777527799;0.00160523007836278;657.014611441795;0.00301077777527799;0.00160523007836278;""
657.196183542188;0.00300638603821889;0.00160290943353317;657.196183542188;0.00300638603821889;0.00160290943353317;""
657.377678152342;0.00300205295711525;0.00160059797344374;657.377678152342;0.00300205295711525;0.00160059797344374;""
657.559095346475;0.00299778485937782;0.00159835887591052;657.559095346475;0.00299778485937782;0.00159835887591052;""
657.7404351988;0.0029935880561676;0.00159625515715164;657.7404351988;0.0029935880561676;0.00159625515715164;""
657.921697783533;0.00298946884243915;0.00159434967221768;657.921697783533;0.00298946884243915;0.00159434967221768;""
658.10288317489;0.00298543275629808;0.00159268524394092;658.10288317489;0.00298543275629808;0.00159268524394092;""
658.283991447084;0.0029814823607689;0.00159122515039757;658.283991447084;0.0029814823607689;0.00159122515039757;""
658.465022674333;0.00297761947250156;0.0015899129169931;658.465022674333;0.00297761947250156;0.0015899129169931;""
658.64597693085;0.00297384590341782;0.00158869221296856;658.64597693085;0.00297384590341782;0.00158869221296856;""
658.826854290851;0.00297016346072397;0.00158750685101753;658.826854290851;0.00297016346072397;0.00158750685101753;""
659.007654828551;0.0029665739469239;0.00158630078690379;659.007654828551;0.0029665739469239;0.00158630078690379;""
659.188378618166;0.00296307915983197;0.00158501811907961;659.188378618166;0.00296307915983197;0.00158501811907961;""
659.369025733911;0.00295967683983575;0.00158361659159478;659.369025733911;0.00295967683983575;0.00158361659159478;""
659.54959625;0.00295634853227583;0.00158210803489138;659.54959625;0.00295634853227583;0.00158210803489138;""
659.730090240649;0.00295307178171525;0.00158051773558579;659.730090240649;0.00295307178171525;0.00158051773558579;""
659.910507780074;0.00294982418969988;0.00157887091614884;659.910507780074;0.00294982418969988;0.00157887091614884;""
660.090848942488;0.00294658341460637;0.001577192735077;660.090848942488;0.00294658341460637;0.001577192735077;""
660.271113802109;0.00294332717149011;0.0015755082870632;660.271113802109;0.00294332717149011;0.0015755082870632;""
660.45130243315;0.00294003323193372;0.00157384260316751;660.45130243315;0.00294003323193372;0.00157384260316751;""
660.631414909827;0.00293668582733424;0.00157221315880481;660.631414909827;0.00293668582733424;0.00157221315880481;""
660.811451306356;0.00293329482661677;0.00157060743533591;660.811451306356;0.00293329482661677;0.00157060743533591;""
660.99141169695;0.00292987646909567;0.00156900546309269;660.99141169695;0.00292987646909567;0.00156900546309269;""
661.171296155827;0.00292644695302002;0.00156738732293232;661.171296155827;0.00292644695302002;0.00156738732293232;""
661.3511047572;0.00292302243568384;0.00156573314610194;661.3511047572;0.00292302243568384;0.00156573314610194;""
661.530837575285;0.00291961903353565;0.00156402311410342;661.530837575285;0.00291961903353565;0.00156402311410342;""
661.710494684298;0.00291625282228818;0.00156223745855832;661.710494684298;0.00291625282228818;0.00156223745855832;""
661.890076158452;0.00291293432550915;0.00156036415553015;661.890076158452;0.00291293432550915;0.00156036415553015;""
662.069582071965;0.00290965200799691;0.00155842196991822;662.069582071965;0.00290965200799691;0.00155842196991822;""
662.24901249905;0.00290638885903385;0.00155643730412035;662.24901249905;0.00290638885903385;0.00155643730412035;""
662.428367513923;0.00290312791075648;0.00155443649402856;662.428367513923;0.00290312791075648;0.00155443649402856;""
662.6076471908;0.00289985223804033;0.0015524458092077;662.6076471908;0.00289985223804033;0.0015524458092077;""
662.786851603894;0.00289654495838508;0.00155049145307374;662.786851603894;0.00289654495838508;0.00155049145307374;""
662.965980827423;0.00289318923179973;0.00154859956307171;662.965980827423;0.00289318923179973;0.00154859956307171;""
663.1450349356;0.0028897769874857;0.00154679111126211;663.1450349356;0.0028897769874857;0.00154679111126211;""
663.324014002641;0.00288633506023534;0.00154506663136579;663.324014002641;0.00288633506023534;0.00154506663136579;""
663.502918102762;0.00288289893329627;0.00154342156249389;663.502918102762;0.00288289893329627;0.00154342156249389;""
663.681747310176;0.00287950400082692;0.00154185135512948;663.681747310176;0.00287950400082692;0.00154185135512948;""
663.860501699101;0.00287618556813648;0.00154035147109716;663.860501699101;0.00287618556813648;0.00154035147109716;""
664.03918134375;0.00287297885192482;0.00153891738353292;664.03918134375;0.00287297885192482;0.00153891738353292;""
664.217786318339;0.00286991898052162;0.0015375445768538;664.217786318339;0.00286991898052162;0.0015375445768538;""
664.396316697084;0.00286702560564703;0.00153622773205828;664.396316697084;0.00286702560564703;0.00153622773205828;""
664.574772554198;0.00286425681428028;0.0015349582867674;664.574772554198;0.00286425681428028;0.0015349582867674;""
664.753153963899;0.00286155542891486;0.00153372688632808;664.753153963899;0.00286155542891486;0.00153372688632808;""
664.9314610004;0.00285886441494785;0.00153252419944123;664.9314610004;0.00285886441494785;0.00153252419944123;""
665.109693737917;0.00285612688029398;0.00153134091809874;665.109693737917;0.00285612688029398;0.00153134091809874;""
665.287852250666;0.00285328607500038;0.00153016775752067;665.287852250666;0.00285328607500038;0.00153016775752067;""
665.46593661286;0.00285028539086206;0.00152899545609251;665.46593661286;0.00285028539086206;0.00152899545609251;""
665.643946898717;0.00284708635354665;0.00152781597314495;665.643946898717;0.00284708635354665;0.00152781597314495;""
665.82188318245;0.00284372250999873;0.00152662607644436;665.82188318245;0.00284372250999873;0.00152662607644436;""
665.999745538275;0.00284024529381533;0.00152542373816979;665.999745538275;0.00284024529381533;0.00152542373816979;""
666.177534040408;0.00283670601061276;0.00152420693556074;666.177534040408;0.00283670601061276;0.00152420693556074;""
666.355248763062;0.00283315583837304;0.00152297365090344;666.355248763062;0.00283315583837304;0.00152297365090344;""
666.532889780455;0.00282964582778941;0.00152172187151702;666.532889780455;0.00282964582778941;0.00152172187151702;""
666.7104571668;0.00282622690261168;0.00152044958973989;666.7104571668;0.00282622690261168;0.00152044958973989;""
666.887950996313;0.00282293980269035;0.0015191578925686;666.887950996313;0.00282293980269035;0.0015191578925686;""
667.06537134321;0.00281978496237423;0.00151786021525586;667.06537134321;0.00281978496237423;0.00151786021525586;""
667.242718281704;0.00281675276999173;0.00151657304553934;667.242718281704;0.00281675276999173;0.00151657304553934;""
667.419991886013;0.002813833637596;0.00151531283025752;667.419991886013;0.002813833637596;0.00151531283025752;""
667.59719223035;0.00281101800090108;0.00151409597546095;667.59719223035;0.00281101800090108;0.00151409597546095;""
667.774319388931;0.00280829631921797;0.00151293884652317;667.774319388931;0.00280829631921797;0.00151293884652317;""
667.951373435972;0.0028056590753909;0.00151185776825152;667.951373435972;0.0028056590753909;0.00151185776825152;""
668.128354445686;0.0028030967757338;0.00151086902499781;668.128354445686;0.0028030967757338;0.00151086902499781;""
668.305262492291;0.00280060248006869;0.00150998014797734;668.305262492291;0.00280060248006869;0.00150998014797734;""
668.48209765;0.00279817937946205;0.00150916382007425;668.48209765;0.00279817937946205;0.00150916382007425;""
668.658859993029;0.0027958331840143;0.00150838408953722;668.658859993029;0.0027958331840143;0.00150838408953722;""
668.835549595594;0.002793569589665;0.00150760509331358;668.835549595594;0.002793569589665;0.00150760509331358;""
669.012166531909;0.00279139427823169;0.00150679105680769;669.012166531909;0.00279139427823169;0.00150679105680769;""
669.188710876189;0.00278931291744882;0.00150590629363965;669.188710876189;0.00278931291744882;0.00150590629363965;""
669.36518270265;0.00278733116100647;0.00150491520540453;669.36518270265;0.00278733116100647;0.00150491520540453;""
669.541582085507;0.00278544315322308;0.00150379251906256;669.541582085507;0.00278544315322308;0.00150379251906256;""
669.717909098976;0.00278359709956712;0.00150255394920052;669.717909098976;0.00278359709956712;0.00150255394920052;""
669.89416381727;0.00278172985160241;0.0015012253969026;669.89416381727;0.00278172985160241;0.0015012253969026;""
670.070346314607;0.00277977841609752;0.0014998326996751;670.070346314607;0.00277977841609752;0.0014998326996751;""
670.2464566652;0.00277767995460146;0.00149840163161992;670.2464566652;0.00277767995460146;0.00149840163161992;""
670.422494943265;0.00277537178301993;0.00149695790360766;670.422494943265;0.00277537178301993;0.00149695790360766;""
670.598461223018;0.0027727913711924;0.00149552716345044;670.598461223018;0.0027727913711924;0.00149552716345044;""
670.774355578672;0.00276990173978779;0.00149413298601177;670.774355578672;0.00276990173978779;0.00149413298601177;""
670.950178084445;0.0027667675273696;0.00149279085304135;670.950178084445;0.0027667675273696;0.00149279085304135;""
671.12592881455;0.00276347858066462;0.00149151420073805;671.12592881455;0.00276347858066462;0.00149151420073805;""
671.301607843203;0.00276012452667968;0.00149031643237006;671.301607843203;0.00276012452667968;0.00149031643237006;""
671.47721524462;0.00275679477330345;0.00148921091836551;671.47721524462;0.00275679477330345;0.00148921091836551;""
671.652751093014;0.0027535785099072;0.00148821099640286;671.652751093014;0.0027535785099072;0.00148821099640286;""
671.828215462603;0.00275056470794441;0.00148732997150117;671.828215462603;0.00275056470794441;0.00148732997150117;""
672.0036084276;0.00274782042026952;0.00148657437855644;672.0036084276;0.00274782042026952;0.00148657437855644;""
672.178930062221;0.0027453257837816;0.00148592380264473;672.178930062221;0.0027453257837816;0.00148592380264473;""
672.354180440681;0.00274303930876982;0.00148535114918129;672.354180440681;0.00274303930876982;0.00148535114918129;""
672.529359637196;0.00274091960643187;0.00148482938952518;672.529359637196;0.00274091960643187;0.00148482938952518;""
672.704467725981;0.00273892538859738;0.00148433156079832;672.704467725981;0.00273892538859738;0.00148433156079832;""
672.87950478125;0.00273701546745177;0.00148383076570475;672.87950478125;0.00273701546745177;0.00148383076570475;""
673.054470877219;0.00273514875526061;0.00148330017235023;673.054470877219;0.00273514875526061;0.00148330017235023;""
673.229366088104;0.00273328960512327;0.00148271859740695;673.229366088104;0.00273328960512327;0.00148271859740695;""
673.404190488119;0.00273142380784061;0.00148208722884679;673.404190488119;0.00273142380784061;0.00148208722884679;""
673.578944151479;0.00272954252324832;0.00148141282836633;673.578944151479;0.00272954252324832;0.00148141282836633;""
673.7536271524;0.00272763693263199;0.0014807021412955;673.7536271524;0.00272763693263199;0.0014807021412955;""
673.928239565097;0.00272569823866783;0.00147996189664262;673.928239565097;0.00272569823866783;0.00147996189664262;""
674.102781463786;0.00272371766536357;0.00147919880713922;674.102781463786;0.00272371766536357;0.00147919880713922;""
674.27725292268;0.00272168645799947;0.00147841956928488;674.27725292268;0.00272168645799947;0.00147841956928488;""
674.451654015997;0.00271960101911336;0.00147763051410663;674.451654015997;0.00271960101911336;0.00147763051410663;""
674.62598481795;0.00271747829173859;0.00147683656103691;674.62598481795;0.00271747829173859;0.00147683656103691;""
674.800245402755;0.00271534030784334;0.00147604226876326;674.800245402755;0.00271534030784334;0.00147604226876326;""
674.974435844628;0.00271320904621457;0.00147525218496705;674.974435844628;0.00271320904621457;0.00147525218496705;""
675.148556217782;0.00271110643260518;0.00147447084635398;675.148556217782;0.00271110643260518;0.00147447084635398;""
675.322606596435;0.00270905433988067;0.00147370277868435;675.322606596435;0.00270905433988067;0.00147370277868435;""
675.4965870548;0.0027070745881658;0.00147295249680354;675.4965870548;0.0027070745881658;0.00147295249680354;""
675.670497667093;0.00270518344379655;0.0014722266307349;675.670497667093;0.00270518344379655;0.0014722266307349;""
675.84433850753;0.00270337514236238;0.00147154029366453;675.84433850753;0.00270337514236238;0.00147154029366453;""
676.018109650324;0.00270163843867459;0.00147091068591319;676.018109650324;0.00270163843867459;0.00147091068591319;""
676.191811169693;0.00269996211451668;0.00147035496642615;676.191811169693;0.00269996211451668;0.00147035496642615;""
676.36544313985;0.00269833497856997;0.00146989025288829;676.36544313985;0.00269833497856997;0.00146989025288829;""
676.539005635011;0.00269674586633907;0.00146953362183898;676.539005635011;0.00269674586633907;0.00146953362183898;""
676.712498729392;0.00269518364007765;0.00146930210878669;676.712498729392;0.00269518364007765;0.00146930210878669;""
676.885922497206;0.00269363603171043;0.00146920070499465;676.885922497206;0.00269363603171043;0.00146920070499465;""
677.059277012671;0.00269208617729058;0.00146918640511555;677.059277012671;0.00269208617729058;0.00146918640511555;""
677.23256235;0.00269051609761715;0.00146920431771386;677.23256235;0.00269051609761715;0.00146920431771386;""
677.405778583409;0.00268890785650699;0.00146919968262971;677.405778583409;0.00268890785650699;0.00146919968262971;""
677.578925787114;0.00268724356067488;0.00146911787061357;677.578925787114;0.00268724356067488;0.00146911787061357;""
677.752004035328;0.00268550535961399;0.00146890438296166;677.752004035328;0.00268550535961399;0.00146890438296166;""
677.925013402269;0.00268367544547633;0.00146850485115185;677.925013402269;0.00268367544547633;0.00146850485115185;""
678.09795396215;0.00268174251282829;0.00146788291306273;678.09795396215;0.00268174251282829;0.00146788291306273;""
678.270825789187;0.00267972110735306;0.0014670737571175;678.270825789187;0.00267972110735306;0.0014670737571175;""
678.443628957596;0.00267763219231942;0.00146613034332446;678.443628957596;0.00267763219231942;0.00146613034332446;""
678.61636354159;0.00267549668113277;0.00146510550570048;678.61636354159;0.00267549668113277;0.00146510550570048;""
678.789029615387;0.0026733354374739;0.00146405195262217;678.789029615387;0.0026733354374739;0.00146405195262217;""
678.9616272532;0.00267116927543788;0.00146302226717652;678.9616272532;0.00267116927543788;0.00146302226717652;""
679.134156529245;0.00266901895967239;0.00146206890751096;679.134156529245;0.00266901895967239;0.00146206890751096;""
679.306617517738;0.00266690011032706;0.00146123232299043;679.306617517738;0.00266690011032706;0.00146123232299043;""
679.479010292892;0.00266480794180334;0.00146050535836462;679.479010292892;0.00266480794180334;0.00146050535836462;""
679.651334928925;0.00266273259068054;0.0014598690051719;679.651334928925;0.00266273259068054;0.0014598690051719;""
679.82359150005;0.00266066421689423;0.00145930429992846;679.82359150005;0.00266066421689423;0.00145930429992846;""
679.995780080483;0.00265859300367083;0.00145879232400266;679.995780080483;0.00265859300367083;0.00145879232400266;""
680.16790074444;0.0026565091574624;0.00145831420348969;680.16790074444;0.0026565091574624;0.00145831420348969;""
680.339953566134;0.00265440290788154;0.00145785110908639;680.339953566134;0.00265440290788154;0.00145785110908639;""
680.511938619783;0.00265227126310163;0.00145738831228696;680.511938619783;0.00265227126310163;0.00145738831228696;""
680.6838559796;0.00265013824428695;0.00145692733506503;680.6838559796;0.00265013824428695;0.00145692733506503;""
680.855705719801;0.0026480345634251;0.0014564737473382;680.855705719801;0.0026480345634251;0.0014564737473382;""
681.027487914602;0.00264599086007688;0.00145603310588749;681.027487914602;0.00264599086007688;0.00145603310588749;""
681.199202638216;0.00264403770157997;0.00145561095439424;681.199202638216;0.00264403770157997;0.00145561095439424;""
681.370849964861;0.00264220558325217;0.00145521282347707;681.370849964861;0.00264220558325217;0.00145521282347707;""
681.54242996875;0.00264052492859453;0.00145484423072866;681.54242996875;0.00264052492859453;0.00145484423072866;""
681.713942724099;0.00263901472344393;0.00145450774328913;681.713942724099;0.00263901472344393;0.00145450774328913;""
681.885388305124;0.00263764847143422;0.00145419417929554;681.885388305124;0.00263764847143422;0.00145419417929554;""
682.056766786038;0.0026363883856103;0.00145389144441164;682.056766786038;0.0026363883856103;0.00145389144441164;""
682.228078241059;0.00263519676760308;0.00145358747266778;682.228078241059;0.00263519676760308;0.00145358747266778;""
682.3993227444;0.00263403600738027;0.00145327022638103;682.3993227444;0.00263403600738027;0.00145327022638103;""
682.570500370277;0.00263286858299744;0.00145292769607531;682.570500370277;0.00263286858299744;0.00145292769607531;""
682.741611192906;0.00263165706034953;0.00145254790040177;682.741611192906;0.00263165706034953;0.00145254790040177;""
682.9126552865;0.00263037442126504;0.0014521226076996;682.9126552865;0.00263037442126504;0.0014521226076996;""
683.083632725277;0.00262903499999572;0.00145165848343768;683.083632725277;0.00262903499999572;0.00145165848343768;""
683.25454358345;0.00262766341362088;0.0014511658948301;683.25454358345;0.00262766341362088;0.0014511658948301;""
683.425387935235;0.00262628422177497;0.00145065518490683;683.425387935235;0.00262628422177497;0.00145065518490683;""
683.596165854848;0.00262492192680995;0.00145013667258192;683.596165854848;0.00262492192680995;0.00145013667258192;""
683.766877416502;0.0026236009739574;0.00144962065272175;683.766877416502;0.0026236009739574;0.00144962065272175;""
683.937522694415;0.00262234575149035;0.00144911739621304;683.937522694415;0.00262234575149035;0.00144911739621304;""
684.1081017628;0.00262118059088483;0.00144863715003084;684.1081017628;0.00262118059088483;0.00144863715003084;""
684.278614695873;0.0026201187277181;0.00144818914392837;684.278614695873;0.0026201187277181;0.00144818914392837;""
684.44906156785;0.00261912923535318;0.0014477786149883;684.44906156785;0.00261912923535318;0.0014477786149883;""
684.619442452944;0.00261817023248953;0.00144740979588702;684.619442452944;0.00261817023248953;0.00144740979588702;""
684.789757425373;0.00261719993499994;0.00144708690945717;684.789757425373;0.00261719993499994;0.00144708690945717;""
684.96000655935;0.00261617665565466;0.00144681416871577;684.96000655935;0.00261617665565466;0.00144681416871577;""
685.130189929091;0.00261505880384599;0.0014465957768923;685.130189929091;0.00261505880384599;0.0014465957768923;""
685.300307608812;0.00261380488531336;0.00144643592745678;685.300307608812;0.00261380488531336;0.00144643592745678;""
685.470359672726;0.00261238971068972;0.00144633479138318;685.470359672726;0.00261238971068972;0.00144633479138318;""
685.640346195051;0.00261085294673786;0.00144627649743935;685.640346195051;0.00261085294673786;0.00144627649743935;""
685.81026725;0.00260925035873648;0.00144624120290963;685.81026725;0.00260925035873648;0.00144624120290963;""
685.980122911789;0.00260763758325629;0.00144620911087563;685.980122911789;0.00260763758325629;0.00144620911087563;""
686.149913254634;0.00260607012852654;0.00144616047008589;686.149913254634;0.00260607012852654;0.00144616047008589;""
686.319638352748;0.00260460337480099;0.00144607557482558;686.319638352748;0.00260460337480099;0.00144607557482558;""
686.489298280349;0.00260329257472312;0.00144593476478659;686.489298280349;0.00260329257472312;0.00144593476478659;""
686.65889311165;0.00260217463818326;0.001445721987662;686.65889311165;0.00260217463818326;0.001445721987662;""
686.828422920867;0.00260121356994884;0.00144543547080129;686.828422920867;0.00260121356994884;0.00144543547080129;""
686.997887782216;0.00260035526285824;0.00144507700429227;686.997887782216;0.00260035526285824;0.00144507700429227;""
687.16728776991;0.00259954573395638;0.00144464837414408;687.16728776991;0.00259954573395638;0.00144464837414408;""
687.336622958167;0.00259873112413985;0.0014441513622985;687.336622958167;0.00259873112413985;0.0014441513622985;""
687.5058934212;0.00259785769780283;0.00144358774664128;687.5058934212;0.00259785769780283;0.00144358774664128;""
687.675099233225;0.00259687184248344;0.00144295930101346;687.675099233225;0.00259687184248344;0.00144295930101346;""
687.844240468458;0.00259573324863237;0.00144227390956606;687.844240468458;0.00259573324863237;0.00144227390956606;""
688.013317201112;0.00259445438932148;0.00144156388182636;688.013317201112;0.00259445438932148;0.00144156388182636;""
688.182329505405;0.00259306087422879;0.00144086756083024;688.182329505405;0.00259306087422879;0.00144086756083024;""
688.35127745555;0.00259157825458251;0.00144022320202475;688.35127745555;0.00259157825458251;0.00144022320202475;""
688.520161125763;0.00259003202332818;0.00143966897351956;688.520161125763;0.00259003202332818;0.00143966897351956;""
688.68898059026;0.00258844761529569;0.00143924295633801;688.68898059026;0.00258844761529569;0.00143924295633801;""
688.857735923254;0.00258685040736598;0.00143898314466775;688.857735923254;0.00258685040736598;0.00143898314466775;""
689.026427198963;0.00258526710819793;0.00143891268394321;689.026427198963;0.00258526710819793;0.00143891268394321;""
689.1950544916;0.00258372992075298;0.00143899565176923;689.1950544916;0.00258372992075298;0.00143899565176923;""
689.363617875381;0.00258227236273785;0.00143918146197253;689.363617875381;0.00258227236273785;0.00143918146197253;""
689.532117424522;0.0025809278756806;0.00143941964326182;689.532117424522;0.0025809278756806;0.00143941964326182;""
689.700553213236;0.00257972982515044;0.0014396598388973;689.700553213236;0.00257972982515044;0.0014396598388973;""
689.868925315741;0.00257871150097717;0.00143985180636078;689.868925315741;0.00257871150097717;0.00143985180636078;""
690.03723380625;0.00257790611747034;0.00143994541702627;690.03723380625;0.00257790611747034;0.00143994541702627;""
690.205478758979;0.00257733086452679;0.0014399046326014;690.205478758979;0.00257733086452679;0.0014399046326014;""
690.373660248144;0.00257693913269613;0.00143974937185579;690.373660248144;0.00257693913269613;0.00143974937185579;""
690.541778347958;0.00257666848676558;0.00143951346953477;690.541778347958;0.00257666848676558;0.00143951346953477;""
690.709833132639;0.00257645663253968;0.0014392306839691;690.709833132639;0.00257645663253968;0.0014392306839691;""
690.8778246764;0.00257624141643304;0.0014389346972955;690.8778246764;0.00257624141643304;0.0014389346972955;""
691.045753053457;0.00257596082506392;0.00143865911567689;691.045753053457;0.00257596082506392;0.00143865911567689;""
691.213618338026;0.00257555298484834;0.00143843746952223;691.213618338026;0.00257555298484834;0.00143843746952223;""
691.38142060432;0.00257497096425851;0.00143829213924487;691.38142060432;0.00257497096425851;0.00143829213924487;""
691.549159926557;0.00257422711479014;0.00143820118193863;691.549159926557;0.00257422711479014;0.00143820118193863;""
691.71683637895;0.00257334854624615;0.00143813164200481;691.71683637895;0.00257334854624615;0.00143813164200481;""
691.884450035715;0.00257236230756572;0.00143805063787985;691.884450035715;0.00257236230756572;0.00143805063787985;""
692.052000971068;0.00257129538700025;0.0014379253618206;692.052000971068;0.00257129538700025;0.0014379253618206;""
692.219489259222;0.00257017471228914;0.00143772307968992;692.219489259222;0.00257017471228914;0.00143772307968992;""
692.386914974395;0.00256902715083514;0.0014374111307426;692.386914974395;0.00256902715083514;0.0014374111307426;""
692.5542781908;0.00256787078545194;0.00143696975888003;692.5542781908;0.00256787078545194;0.00143696975888003;""
692.721578982653;0.00256668878029805;0.0014364305494209;692.721578982653;0.00256668878029805;0.0014364305494209;""
692.88881742417;0.00256545562250444;0.00143583783422171;692.88881742417;0.00256545562250444;0.00143583783422171;""
693.055993589564;0.00256414585621311;0.00143523584611673;693.055993589564;0.00256414585621311;0.00143523584611673;""
693.223107553053;0.00256273408241076;0.00143466871920612;693.223107553053;0.00256273408241076;0.00143466871920612;""
693.39015938885;0.00256119495876278;0.00143418048914383;693.39015938885;0.00256119495876278;0.00143418048914383;""
693.557149171171;0.00255950319944736;0.00143381509342475;693.557149171171;0.00255950319944736;0.00143381509342475;""
693.724076974232;0.00255765194385184;0.0014336053663173;693.724076974232;0.00255765194385184;0.0014336053663173;""
693.890942872246;0.00255570778126294;0.00143354007205362;693.890942872246;0.00255570778126294;0.00143354007205362;""
694.057746939431;0.00255375550141193;0.00143359700667711;694.057746939431;0.00255375550141193;0.00143359700667711;""
694.22448925;0.00255187970569634;0.00143375401551614;694.22448925;0.00255187970569634;0.00143375401551614;""
694.391169878169;0.00255016480773061;0.0014339889930405;694.391169878169;0.00255016480773061;0.0014339889930405;""
694.557788898154;0.00254869503389599;0.00143427988271805;694.557788898154;0.00254869503389599;0.00143427988271805;""
694.724346384168;0.00254755442388951;0.00143460467687169;694.724346384168;0.00254755442388951;0.00143460467687169;""
694.890842410429;0.0025467977065398;0.0014349409894393;694.890842410429;0.0025467977065398;0.0014349409894393;""
695.05727705115;0.00254636305498996;0.001435264776429;695.05727705115;0.00254636305498996;0.001435264776429;""
695.223650380547;0.00254615968638685;0.00143555162036683;695.223650380547;0.00254615968638685;0.00143555162036683;""
695.389962472836;0.00254609701828996;0.00143577715770831;695.389962472836;0.00254609701828996;0.00143577715770831;""
695.55621340223;0.00254608466808403;0.00143591707867992;695.55621340223;0.00254608466808403;0.00143591707867992;""
695.722403242947;0.00254603245239273;0.00143594712712077;695.722403242947;0.00254603245239273;0.00143594712712077;""
695.8885320692;0.00254585038649318;0.00143584310032467;695.8885320692;0.00254585038649318;0.00143584310032467;""
696.054599955205;0.00254546738956598;0.00143559033002888;696.054599955205;0.00254546738956598;0.00143559033002888;""
696.220606975178;0.00254488731935896;0.00143521208400437;696.220606975178;0.00254488731935896;0.00143521208400437;""
696.386553203332;0.00254413271048035;0.00143474104966394;696.386553203332;0.00254413271048035;0.00143474104966394;""
696.552438713885;0.00254322604810904;0.00143420984268568;696.552438713885;0.00254322604810904;0.00143420984268568;""
696.71826358105;0.00254218976813942;0.00143365100722392;696.71826358105;0.00254218976813942;0.00143365100722392;""
696.884027879043;0.00254104625732605;0.00143309701611997;696.884027879043;0.00254104625732605;0.00143309701611997;""
697.04973168208;0.00253981785342803;0.0014325802711124;697.04973168208;0.00253981785342803;0.0014325802711124;""
697.215375064374;0.00253852872226072;0.00143212830329003;697.215375064374;0.00253852872226072;0.00143212830329003;""
697.380958100143;0.00253721048035824;0.00143174939501007;697.380958100143;0.00253721048035824;0.00143174939501007;""
697.5464808636;0.00253589655007052;0.00143144701600929;697.5464808636;0.00253589655007052;0.00143144701600929;""
697.711943428961;0.00253462028081733;0.00143122462843825;697.711943428961;0.00253462028081733;0.00143122462843825;""
697.877345870442;0.00253341494930421;0.00143108568688407;697.877345870442;0.00253341494930421;0.00143108568688407;""
698.042688262256;0.00253231375973799;0.00143103363839327;698.042688262256;0.00253231375973799;0.00143103363839327;""
698.207970678621;0.00253134984404196;0.00143107192249448;698.207970678621;0.00253134984404196;0.00143107192249448;""
698.37319319375;0.00253054459382674;0.00143119959612229;698.37319319375;0.00253054459382674;0.00143119959612229;""
698.538355881859;0.00252987270656429;0.00143139822735043;698.538355881859;0.00252987270656429;0.00143139822735043;""
698.703458817164;0.00252929727904115;0.00143164505389751;698.703458817164;0.00252929727904115;0.00143164505389751;""
698.868502073879;0.00252878148806021;0.00143191736283949;698.868502073879;0.00252878148806021;0.00143191736283949;""
699.033485726219;0.00252828859020339;0.00143219249046322;699.033485726219;0.00252828859020339;0.00143219249046322;""
699.1984098484;0.00252778192159462;0.00143244782212019;699.1984098484;0.00252778192159462;0.00143244782212019;""
699.363274514637;0.00252722489766329;0.00143266079208056;699.363274514637;0.00252722489766329;0.00143266079208056;""
699.528079799146;0.00252658101290799;0.0014328088833874;699.528079799146;0.00252658101290799;0.0014328088833874;""
699.69282577614;0.00252582438655056;0.0014328764765029;699.69282577614;0.00252582438655056;0.0014328764765029;""
699.857512519837;0.00252497135447767;0.00143287536599457;699.857512519837;0.00252497135447767;0.00143287536599457;""
700.02214010445;0.0025240487519084;0.00143282416243201;700.02214010445;0.0025240487519084;0.00143282416243201;""
700.186708604195;0.00252308335628342;0.00143274143631554;700.186708604195;0.00252308335628342;0.00143274143631554;""
700.351218093288;0.00252210188743718;0.00143264571819564;700.351218093288;0.00252210188743718;0.00143264571819564;""
700.515668645942;0.00252113100776994;0.00143255549879217;700.515668645942;0.00252113100776994;0.00143255549879217;""
700.680060336375;0.00252019732241932;0.00143248922911341;700.680060336375;0.00252019732241932;0.00143248922911341;""
700.8443932388;0.00251931958235792;0.00143246029212081;700.8443932388;0.00251931958235792;0.00143246029212081;""
701.008667427433;0.00251848532676617;0.0014324619390406;701.008667427433;0.00251848532676617;0.0014324619390406;""
701.17288297649;0.00251767433278046;0.00143248241247909;701.17288297649;0.00251767433278046;0.00143248241247909;""
701.337039960184;0.00251686642080809;0.00143250998019977;701.337039960184;0.00251686642080809;0.00143250998019977;""
701.501138452733;0.00251604145439752;0.00143253293504799;701.501138452733;0.00251604145439752;0.00143253293504799;""
701.66517852835;0.00251517934010896;0.00143253959487567;701.66517852835;0.00251517934010896;0.00143253959487567;""
701.829160261251;0.00251426002738507;0.00143251830246622;701.829160261251;0.00251426002738507;0.00143251830246622;""
701.993083725652;0.00251327305640678;0.00143246101917171;701.993083725652;0.00251327305640678;0.00143246101917171;""
702.156948995766;0.00251224616125082;0.00143237409066773;702.156948995766;0.00251224616125082;0.00143237409066773;""
702.320756145811;0.00251121655480242;0.00143226743901722;702.320756145811;0.00251121655480242;0.00143226743901722;""
702.48450525;0.00251022137082384;0.00143215096518816;702.48450525;0.00251022137082384;0.00143215096518816;""
702.648196382549;0.00250929766419268;0.00143203454911707;702.648196382549;0.00250929766419268;0.00143203454911707;""
702.811829617674;0.00250848241113988;0.0014319280497723;702.811829617674;0.00250848241113988;0.0014319280497723;""
702.975405029588;0.00250781250948727;0.00143184130521732;702.975405029588;0.00250781250948727;0.00143184130521732;""
703.138922692509;0.00250731204575311;0.00143178145767066;703.138922692509;0.00250731204575311;0.00143178145767066;""
703.30238268065;0.00250695414987794;0.00143174493987946;703.30238268065;0.00250695414987794;0.00143174493987946;""
703.465785068227;0.00250669928893336;0.00143172551995593;703.465785068227;0.00250669928893336;0.00143172551995593;""
703.629129929456;0.00250650801349672;0.00143171697917594;703.629129929456;0.00250650801349672;0.00143171697917594;""
703.79241733855;0.00250634095739889;0.00143171311193927;703.79241733855;0.00250634095739889;0.00143171311193927;""
703.955647369727;0.00250615883747252;0.0014317077257299;703.955647369727;0.00250615883747252;0.0014317077257299;""
704.1188200972;0.00250592245330063;0.00143169464107638;704.1188200972;0.00250592245330063;0.00143169464107638;""
704.281935595185;0.00250559739223269;0.00143167092665841;704.281935595185;0.00250559739223269;0.00143167092665841;""
704.444993937897;0.00250516812515395;0.00143164659110486;704.444993937897;0.00250516812515395;0.00143164659110486;""
704.607995199552;0.00250462385589845;0.00143163485377077;704.607995199552;0.00250462385589845;0.00143163485377077;""
704.770939454365;0.00250395381095818;0.00143164890626941;704.770939454365;0.00250395381095818;0.00143164890626941;""
704.93382677655;0.00250314723941359;0.00143170191255669;704.93382677655;0.00250314723941359;0.00143170191255669;""
705.096657240323;0.00250219341286425;0.00143180700901538;705.096657240323;0.00250219341286425;0.00143180700901538;""
705.2594309199;0.00250108162535962;0.00143197730453928;705.2594309199;0.00250108162535962;0.00143197730453928;""
705.422147889494;0.00249981580790669;0.0014322196666652;705.422147889494;0.00249981580790669;0.0014322196666652;""
705.584808223323;0.00249845831110038;0.00143251610575045;705.584808223323;0.00249845831110038;0.00143251610575045;""
705.7474119956;0.00249708595477179;0.00143284246221751;705.7474119956;0.00249708595477179;0.00143284246221751;""
705.909959280541;0.0024957753986154;0.00143317462685144;705.909959280541;0.0024957753986154;0.00143317462685144;""
706.072450152362;0.00249460314267805;0.00143348854064625;706.072450152362;0.00249460314267805;0.00143348854064625;""
706.234884685276;0.00249364552784719;0.00143376019465144;706.234884685276;0.00249364552784719;0.00143376019465144;""
706.397262953501;0.00249297873633818;0.00143396562981892;706.397262953501;0.00249297873633818;0.00143396562981892;""
706.55958503125;0.00249264969651869;0.00143408828545326;706.55958503125;0.00249264969651869;0.00143408828545326;""
706.721850992739;0.00249258891709039;0.00143414101438821;706.721850992739;0.00249258891709039;0.00143414101438821;""
706.884060912184;0.00249269798525627;0.00143414398380997;706.884060912184;0.00249269798525627;0.00143414398380997;""
707.046214863798;0.00249287869198393;0.00143411731914778;707.046214863798;0.00249287869198393;0.00143411731914778;""
707.208312921799;0.00249303303138127;0.00143408110420188;707.208312921799;0.00249303303138127;0.00143408110420188;""
707.3703551604;0.00249306320007312;0.0014340553812711;707.3703551604;0.00249306320007312;0.0014340553812711;""
707.532341653817;0.0024928715965789;0.00143406015128034;707.532341653817;0.0024928715965789;0.00143406015128034;""
707.694272476266;0.00249238773490276;0.00143410910047841;707.694272476266;0.00249238773490276;0.00143410910047841;""
707.85614770196;0.00249164887567927;0.00143419080611907;707.85614770196;0.00249164887567927;0.00143419080611907;""
708.017967405117;0.00249071908936075;0.00143428760199275;708.017967405117;0.00249071908936075;0.00143428760199275;""
708.17973165995;0.00248966231464325;0.00143438185821646;708.17973165995;0.00248966231464325;0.00143438185821646;""
708.341440540675;0.00248854235887172;0.00143445598112189;708.341440540675;0.00248854235887172;0.00143445598112189;""
708.503094121508;0.00248742289844454;0.00143449241314362;708.503094121508;0.00248742289844454;0.00143449241314362;""
708.664692476662;0.00248636747921756;0.00143447363270762;708.664692476662;0.00248636747921756;0.00143447363270762;""
708.826235680355;0.00248542739218599;0.00143438892083273;708.826235680355;0.00248542739218599;0.00143438892083273;""
708.9877238068;0.00248460534932114;0.001434254633478;708.9877238068;0.00248460534932114;0.001434254633478;""
709.149156930213;0.00248389194472501;0.00143409385296845;709.149156930213;0.00248389194472501;0.00143409385296845;""
709.31053512481;0.00248327779171508;0.00143392961449531;709.31053512481;0.00248327779171508;0.00143392961449531;""
709.471858464804;0.00248275352276533;0.00143378490626194;709.471858464804;0.00248275352276533;0.00143378490626194;""
709.633127024413;0.00248230978944735;0.00143368266962947;709.633127024413;0.00248230978944735;0.00143368266962947;""
709.79434087785;0.00248193726237159;0.00143364579926224;709.79434087785;0.00248193726237159;0.00143364579926224;""
709.955500099331;0.00248162224559588;0.00143369283250588;709.955500099331;0.00248162224559588;0.00143369283250588;""
710.116604763072;0.00248133353778127;0.00143382503474004;710.116604763072;0.00248133353778127;0.00143382503474004;""
710.277654943286;0.00248103561982937;0.00143403936239179;710.277654943286;0.00248103561982937;0.00143403936239179;""
710.438650714191;0.00248069304465198;0.00143433277806936;710.438650714191;0.00248069304465198;0.00143433277806936;""
710.59959215;0.00248027043694694;0.00143470225054328;710.59959215;0.00248027043694694;0.00143470225054328;""
710.760479324929;0.00247973249297414;0.00143514475472763;710.760479324929;0.00247973249297414;0.00143514475472763;""
710.921312313194;0.00247904398033202;0.00143565727166129;710.921312313194;0.00247904398033202;0.00143565727166129;""
711.082091189008;0.00247818663559004;0.00143623084542731;711.082091189008;0.00247818663559004;0.00143623084542731;""
711.242816026589;0.00247720978949124;0.00143683277791445;711.242816026589;0.00247720978949124;0.00143683277791445;""
711.40348690015;0.00247617955420283;0.00143742449982287;711.40348690015;0.00247617955420283;0.00143742449982287;""
711.564103883907;0.0024751619088099;0.00143796751948529;711.564103883907;0.0024751619088099;0.00143796751948529;""
711.724667052076;0.00247422269973164;0.00143842342262405;711.724667052076;0.00247422269973164;0.00143842342262405;""
711.88517647887;0.0024734276411368;0.00143875387210848;711.88517647887;0.0024734276411368;0.00143875387210848;""
712.045632238507;0.00247284231535854;0.0014389206077127;712.045632238507;0.00247284231535854;0.0014389206077127;""
712.2060344052;0.00247250895330088;0.00143890107875812;712.2060344052;0.00247250895330088;0.00143890107875812;""
712.366383053165;0.00247237686778254;0.00143873527994394;712.366383053165;0.00247237686778254;0.00143873527994394;""
712.526678256618;0.00247237227624772;0.00143847874320162;712.526678256618;0.00247237227624772;0.00143847874320162;""
712.686920089772;0.00247242154359234;0.00143818688948479;712.686920089772;0.00247242154359234;0.00143818688948479;""
712.847108626845;0.00247245118170094;0.00143791502911781;712.847108626845;0.00247245118170094;0.00143791502911781;""
713.00724394205;0.00247238784898433;0.00143771836214387;713.00724394205;0.00247238784898433;0.00143771836214387;""
713.167326109603;0.00247215834991786;0.00143765197867241;713.167326109603;0.00247215834991786;0.00143765197867241;""
713.32735520372;0.00247170991306742;0.00143775424376548;713.32735520372;0.00247170991306742;0.00143775424376548;""
713.487331298614;0.00247107094551204;0.00143799701742471;713.487331298614;0.00247107094551204;0.00143799701742471;""
713.647254468503;0.00247029005625634;0.00143833561657692;713.647254468503;0.00247029005625634;0.00143833561657692;""
713.8071247876;0.00246941575786566;0.0014387254467915;713.8071247876;0.00246941575786566;0.0014387254467915;""
713.966942330121;0.00246849646677018;0.00143912200200068;713.966942330121;0.00246849646677018;0.00143912200200068;""
714.126707170282;0.00246758050356861;0.00143948086422021;714.126707170282;0.00246758050356861;0.00143948086422021;""
714.286419382296;0.00246671609333145;0.00143975770327043;714.286419382296;0.00246671609333145;0.00143975770327043;""
714.446079040381;0.00246595136590369;0.00143990827649782;714.446079040381;0.00246595136590369;0.00143990827649782;""
714.60568621875;0.00246532267843903;0.00143990203761518;714.60568621875;0.00246532267843903;0.00143990203761518;""
714.765240991619;0.00246481962840116;0.00143976291016634;714.765240991619;0.00246481962840116;0.00143976291016634;""
714.924743433204;0.00246442016747873;0.00143952836630299;714.924743433204;0.00246442016747873;0.00143952836630299;""
715.084193617718;0.00246410229073878;0.00143923580447218;715.084193617718;0.00246410229073878;0.00143923580447218;""
715.243591619379;0.00246384403648923;0.00143892254965023;715.243591619379;0.00246384403648923;0.00143892254965023;""
715.4029375124;0.00246362348614175;0.00143862585357637;715.4029375124;0.00246362348614175;0.00143862585357637;""
715.562231370997;0.00246341876407468;0.00143838289498594;715.562231370997;0.00246341876407468;0.00143838289498594;""
715.721473269386;0.00246321029871859;0.00143822340769683;715.721473269386;0.00246321029871859;0.00143822340769683;""
715.88066328178;0.00246298759724682;0.00143814759322274;715.88066328178;0.00246298759724682;0.00143814759322274;""
716.039801482397;0.00246274244634046;0.00143814828775579;716.039801482397;0.00246274244634046;0.00143814828775579;""
716.19888794545;0.00246246664870032;0.00143821834148744;716.19888794545;0.00246246664870032;0.00143821834148744;""
716.357922745155;0.00246215202299558;0.00143835061856408;716.357922745155;0.00246215202299558;0.00143835061856408;""
716.516905955728;0.00246179040381251;0.00143853799704283;716.516905955728;0.00246179040381251;0.00143853799704283;""
716.675837651382;0.00246137364160323;0.00143877336884722;716.675837651382;0.00246137364160323;0.00143877336884722;""
716.834717906335;0.00246089738713994;0.00143904816647421;716.834717906335;0.00246089738713994;0.00143904816647421;""
716.9935467948;0.00246037243029959;0.00143934794891825;716.9935467948;0.00246037243029959;0.00143934794891825;""
717.152324390993;0.00245981332087052;0.00143965683134985;717.152324390993;0.00245981332087052;0.00143965683134985;""
717.31105076913;0.00245923458046061;0.00143995895969685;717.31105076913;0.00245923458046061;0.00143995895969685;""
717.469726003424;0.00245865070258772;0.00144023851054557;717.469726003424;0.00245865070258772;0.00144023851054557;""
717.628350168093;0.00245807615277001;0.00144047969104208;717.628350168093;0.00245807615277001;0.00144047969104208;""
717.78692333735;0.00245752536861614;0.00144066673879359;717.78692333735;0.00245752536861614;0.00144066673879359;""
717.945445585411;0.00245701329351064;0.00144079203860516;717.945445585411;0.00245701329351064;0.00144079203860516;""
718.103916986492;0.0024565569754364;0.00144088044164943;718.103916986492;0.0024565569754364;0.00144088044164943;""
718.262337614806;0.00245617396269365;0.00144096486033431;718.262337614806;0.00245617396269365;0.00144096486033431;""
718.420707544571;0.00245588176989976;0.00144107814384814;718.420707544571;0.00245588176989976;0.00144107814384814;""
718.57902685;0.00245569787809857;0.00144125307836422;718.57902685;0.00245569787809857;0.00144125307836422;""
718.737295605309;0.00245563973486965;0.00144152238724493;718.737295605309;0.00245563973486965;0.00144152238724493;""
718.895513884714;0.00245572475443728;0.00144191873124566;718.895513884714;0.00245572475443728;0.00144191873124566;""
719.053681762428;0.00245595853111978;0.00144246092240529;719.053681762428;0.00245595853111978;0.00144246092240529;""
719.211799312669;0.00245629952445719;0.00144311261794228;719.211799312669;0.00245629952445719;0.00144311261794228;""
719.36986660965;0.00245669449784681;0.0014438237712708;719.36986660965;0.00245669449784681;0.0014438237712708;""
719.527883727587;0.00245709031614377;0.00144454443118689;719.527883727587;0.00245709031614377;0.00144454443118689;""
719.685850740696;0.00245743394533131;0.00144522474155843;719.685850740696;0.00245743394533131;0.00144522474155843;""
719.84376772319;0.00245767245219142;0.00144581494101563;719.84376772319;0.00245767245219142;0.00144581494101563;""
720.001634749287;0.00245775300397608;0.00144626536264198;720.001634749287;0.00245775300397608;0.00144626536264198;""
720.1594518932;0.0024576337703811;0.00144653966939576;720.1594518932;0.0024576337703811;0.00144653966939576;""
720.317219229145;0.00245731658884143;0.00144665451087307;720.317219229145;0.00245731658884143;0.00144665451087307;""
720.474936831338;0.00245681418523368;0.0014466397283222;720.474936831338;0.00245681418523368;0.0014466397283222;""
720.632604773992;0.00245613926131087;0.00144652510654335;720.632604773992;0.00245613926131087;0.00144652510654335;""
720.790223131325;0.0024553044947803;0.00144634037407264;720.790223131325;0.0024553044947803;0.00144634037407264;""
720.94779197755;0.00245432253938134;0.00144611520336588;720.94779197755;0.00245432253938134;0.00144611520336588;""
721.105311386883;0.00245320602496313;0.00144587921098197;721.105311386883;0.00245320602496313;0.00144587921098197;""
721.26278143354;0.00245197232542648;0.00144565941049775;721.26278143354;0.00245197232542648;0.00144565941049775;""
721.420202191734;0.00245065784448912;0.00144547258045183;721.420202191734;0.00245065784448912;0.00144547258045183;""
721.577573735683;0.0024493036809148;0.00144533292303063;721.577573735683;0.0024493036809148;0.00144533292303063;""
721.7348961396;0.00244795085641768;0.00144525461382087;721.7348961396;0.00244795085641768;0.00144525461382087;""
721.892169477701;0.00244664031591569;0.00144525180189754;721.892169477701;0.00244664031591569;0.00144525180189754;""
722.049393824202;0.00244541292778365;0.00144533860991151;722.049393824202;0.00244541292778365;0.00144533860991151;""
722.206569253316;0.00244430948410599;0.00144552913417719;722.206569253316;0.00244430948410599;0.00144552913417719;""
722.363695839261;0.00244336351299368;0.00144583226740535;722.363695839261;0.00244336351299368;0.00144583226740535;""
722.52077365625;0.00244257974179796;0.00144623618600694;722.52077365625;0.00244257974179796;0.00144623618600694;""
722.677802778499;0.00244195570789179;0.00144672391589865;722.677802778499;0.00244195570789179;0.00144672391589865;""
722.834783280224;0.00244148895329593;0.00144727851458289;722.834783280224;0.00244148895329593;0.00144727851458289;""
722.991715235638;0.00244117702466448;0.0014478830710436;722.991715235638;0.00244117702466448;0.0014478830710436;""
723.148598718959;0.0024410174732704;0.00144852070564231;723.148598718959;0.0024410174732704;0.00144852070564231;""
723.3054338044;0.00244100785499109;0.00144917457001423;723.3054338044;0.00244100785499109;0.00144917457001423;""
723.462220566177;0.00244114254561164;0.00144982793943974;723.462220566177;0.00244114254561164;0.00144982793943974;""
723.618959078506;0.00244140319852235;0.00145046448982477;723.618959078506;0.00244140319852235;0.00145046448982477;""
723.7756494156;0.00244176831927626;0.00145106801957599;723.7756494156;0.00244176831927626;0.00145106801957599;""
723.932291651677;0.00244221645308535;0.00145162235694045;723.932291651677;0.00244221645308535;0.00145162235694045;""
724.08888586095;0.00244272618468884;0.00145211135990583;724.08888586095;0.00244272618468884;0.00145211135990583;""
724.245432117635;0.00244327613822189;0.00145251891610097;724.245432117635;0.00244327613822189;0.00145251891610097;""
724.401930495948;0.00244384497708432;0.00145282894269649;724.401930495948;0.00244384497708432;0.00145282894269649;""
724.558381070102;0.00244440791163924;0.00145303099330956;724.558381070102;0.00244440791163924;0.00145303099330956;""
724.714783914315;0.00244492623535384;0.00145313705839309;724.714783914315;0.00244492623535384;0.00145313705839309;""
724.8711391028;0.00244535782349189;0.00145316470830075;724.8711391028;0.00244535782349189;0.00145316470830075;""
725.027446709773;0.00244566062822723;0.00145313148124919;725.027446709773;0.00244566062822723;0.00145313148124919;""
725.18370680945;0.00244579267838532;0.00145305488342541;725.18370680945;0.00244579267838532;0.00145305488342541;""
725.339919476044;0.00244571207918506;0.00145295238909393;725.339919476044;0.00244571207918506;0.00145295238909393;""
725.496084783773;0.002445377011981;0.00145284144070386;725.496084783773;0.002445377011981;0.00145284144070386;""
725.65220280685;0.0024447702054027;0.00145273853935902;725.65220280685;0.0024447702054027;0.00145273853935902;""
725.808273619491;0.00244397226049885;0.001452656519315;725.808273619491;0.00244397226049885;0.001452656519315;""
725.964297295912;0.00244308808131416;0.00145260728275649;725.964297295912;0.00244308808131416;0.00145260728275649;""
726.120273910326;0.00244222238189252;0.00145260271033386;726.120273910326;0.00244222238189252;0.00145260271033386;""
726.276203536951;0.00244147968691797;0.001452654661236;726.276203536951;0.00244147968691797;0.001452654661236;""
726.43208625;0.00244096433235495;0.00145277497326318;726.43208625;0.00244096433235495;0.00145277497326318;""
726.587922123689;0.0024407804660874;0.00145297546289972;726.587922123689;0.0024407804660874;0.00145297546289972;""
726.743711232234;0.00244099613769887;0.00145326347053052;726.743711232234;0.00244099613769887;0.00145326347053052;""
726.899453649848;0.00244153569566806;0.00145362851196471;726.899453649848;0.00244153569566806;0.00145362851196471;""
727.055149450749;0.00244228774597059;0.00145405567103665;727.055149450749;0.00244228774597059;0.00145405567103665;""
727.21079870915;0.00244314109460664;0.00145453005838412;727.21079870915;0.00244314109460664;0.00145453005838412;""
727.366401499267;0.00244398474692236;0.00145503681135757;727.366401499267;0.00244398474692236;0.00145503681135757;""
727.521957895316;0.00244470790693209;0.00145556109392956;727.521957895316;0.00244470790693209;0.00145556109392956;""
727.67746797151;0.00244519997664177;0.0014560880966042;727.67746797151;0.00244519997664177;0.0014560880966042;""
727.832931802067;0.00244537548592268;0.00145660294753877;727.832931802067;0.00244537548592268;0.00145660294753877;""
727.9883494612;0.0024452487946486;0.00145709044640549;727.9883494612;0.0024452487946486;0.00145709044640549;""
728.143721023125;0.00244485914531945;0.00145753533121801;728.143721023125;0.00244485914531945;0.00145753533121801;""
728.299046562058;0.00244424571049512;0.00145792236710561;728.299046562058;0.00244424571049512;0.00145792236710561;""
728.454326152212;0.00244344759303325;0.00145823634622014;728.454326152212;0.00244344759303325;0.00145823634622014;""
728.609559867805;0.00244250382632661;0.00145846208764311;728.609559867805;0.00244250382632661;0.00145846208764311;""
728.76474778305;0.00244145337454025;0.00145858443729288;728.76474778305;0.00244145337454025;0.00145858443729288;""
728.919889972163;0.00244033513284823;0.00145858826783202;728.919889972163;0.00244033513284823;0.00145858826783202;""
729.07498650936;0.00243918940869017;0.00145846850058314;729.07498650936;0.00243918940869017;0.00145846850058314;""
729.230037468854;0.00243806235984605;0.00145826013612506;729.230037468854;0.00243806235984605;0.00145826013612506;""
729.385042924863;0.00243700154249725;0.00145800812650131;729.385042924863;0.00243700154249725;0.00145800812650131;""
729.5400029516;0.00243605442918756;0.00145775734463245;729.5400029516;0.00243605442918756;0.00145775734463245;""
729.694917623281;0.00243526840911207;0.00145755258458879;729.694917623281;0.00243526840911207;0.00145755258458879;""
729.849787014122;0.00243469078840567;0.00145743856186263;729.849787014122;0.00243469078840567;0.00145743856186263;""
730.004611198336;0.00243436879043115;0.00145745991364015;730.004611198336;0.00243436879043115;0.00145745991364015;""
730.159390250141;0.00243433057158152;0.0014576486765229;730.159390250141;0.00243433057158152;0.0014576486765229;""
730.31412424375;0.00243452833442129;0.00145798676288809;730.31412424375;0.00243452833442129;0.00145798676288809;""
730.468813253379;0.00243489539716078;0.00145844360514835;730.468813253379;0.00243489539716078;0.00145844360514835;""
730.623457353244;0.00243536519434973;0.00145898868907446;730.623457353244;0.00243536519434973;0.00145898868907446;""
730.778056617558;0.00243587127647423;0.00145959155361074;730.778056617558;0.00243587127647423;0.00145959155361074;""
730.932611120539;0.00243634730955414;0.00146022179069069;730.932611120539;0.00243634730955414;0.00146022179069069;""
731.0871209364;0.00243672707474109;0.00146084904505282;731.0871209364;0.00243672707474109;0.00146084904505282;""
731.241586139357;0.00243695829639164;0.00146144805420465;731.241586139357;0.00243695829639164;0.00146144805420465;""
731.396006803626;0.00243704407924893;0.00146201375124547;731.396006803626;0.00243704407924893;0.00146201375124547;""
731.55038300342;0.00243700133912319;0.00146254611380756;731.55038300342;0.00243700133912319;0.00146254611380756;""
731.704714812957;0.00243684696253376;0.00146304511953977;731.704714812957;0.00243684696253376;0.00146304511953977;""
731.85900230645;0.00243659780681076;0.00146351074610728;731.85900230645;0.00243659780681076;0.00146351074610728;""
732.013245558115;0.00243627070019668;0.00146394297119128;732.013245558115;0.00243627070019668;0.00146394297119128;""
732.167444642168;0.00243588244194773;0.00146434177248879;732.167444642168;0.00243588244194773;0.00146434177248879;""
732.321599632822;0.00243544618449349;0.00146470479692929;732.321599632822;0.00243544618449349;0.00146470479692929;""
732.475710604295;0.00243496059210842;0.00146502037631105;732.475710604295;0.00243496059210842;0.00146502037631105;""
732.6297776308;0.00243442071647119;0.0014652745335866;732.6297776308;0.00243442071647119;0.0014652745335866;""
732.783800786553;0.00243382161768171;0.00146545331556184;732.783800786553;0.00243382161768171;0.00146545331556184;""
732.93778014577;0.00243315836423109;0.0014655427928115;732.93778014577;0.00243315836423109;0.0014655427928115;""
733.091715782664;0.00243242603297172;0.00146552905959484;733.091715782664;0.00243242603297172;0.00146552905959484;""
733.245607771453;0.0024316197090872;0.00146539823377141;733.245607771453;0.0024316197090872;0.00146539823377141;""
733.39945618635;0.00243074305778666;0.00146514670264544;733.39945618635;0.00243074305778666;0.00146514670264544;""
733.553261101571;0.00242983401036789;0.00146481182590873;733.553261101571;0.00242983401036789;0.00146481182590873;""
733.707022591332;0.00242893899826625;0.00146444113710988;733.707022591332;0.00242893899826625;0.00146444113710988;""
733.860740729846;0.00242810437432499;0.00146408208930364;733.860740729846;0.00242810437432499;0.00146408208930364;""
734.014415591331;0.00242737641307441;0.00146378205533657;734.014415591331;0.00242737641307441;0.00146378205533657;""
734.16804725;0.00242680131101079;0.0014635883281323;734.16804725;0.00242680131101079;0.0014635883281323;""
734.321635780069;0.00242642518687474;0.00146354812097641;734.321635780069;0.00242642518687474;0.00146354812097641;""
734.475181255754;0.00242627821906902;0.00146369141042898;734.475181255754;0.00242627821906902;0.00146369141042898;""
734.628683751268;0.00242632711063139;0.00146397952211691;734.628683751268;0.00242632711063139;0.00146397952211691;""
734.782143340829;0.00242652277106891;0.00146435670369671;734.782143340829;0.00242652277106891;0.00146435670369671;""
734.93556009865;0.00242681619227157;0.00146476729632876;734.93556009865;0.00242681619227157;0.00146476729632876;""
735.088934098947;0.00242715844821837;0.00146515573434319;735.088934098947;0.00242715844821837;0.00146515573434319;""
735.242265415936;0.00242750069468383;0.00146546654490628;735.242265415936;0.00242750069468383;0.00146546654490628;""
735.39555412383;0.00242779416894483;0.00146564434768727;735.39555412383;0.00242779416894483;0.00146564434768727;""
735.548800296847;0.00242799892764782;0.00146565476383797;735.548800296847;0.00242799892764782;0.00146565476383797;""
735.7020040092;0.00242811003194666;0.00146554707408588;735.7020040092;0.00242811003194666;0.00146554707408588;""
735.855165335105;0.00242813128203593;0.00146539136915812;735.855165335105;0.00242813128203593;0.00146539136915812;""
736.008284348778;0.00242806647173543;0.00146525762347344;736.008284348778;0.00242806647173543;0.00146525762347344;""
736.161361124432;0.0024279193885126;0.0014652156955615;736.161361124432;0.0024279193885126;0.0014652156955615;""
736.314395736285;0.00242769381350487;0.00146533532848152;736.314395736285;0.00242769381350487;0.00146533532848152;""
736.46738825855;0.00242739352154206;0.00146568615024038;736.46738825855;0.00242739352154206;0.00146568615024038;""
736.620338765443;0.00242702424367699;0.00146631413507093;736.620338765443;0.00242702424367699;0.00146631413507093;""
736.77324733118;0.00242659954827579;0.00146717106387765;736.77324733118;0.00242659954827579;0.00146717106387765;""
736.926114029974;0.00242613494224743;0.00146818527722224;736.926114029974;0.00242613494224743;0.00146818527722224;""
737.078938936043;0.00242564590701015;0.0014692852334389;737.078938936043;0.00242564590701015;0.0014692852334389;""
737.2317221236;0.00242514789858397;0.00147039950820704;737.2317221236;0.00242514789858397;0.00147039950820704;""
737.384463666861;0.00242465634768295;0.00147145679412467;737.384463666861;0.00242465634768295;0.00147145679412467;""
737.537163640042;0.00242418665980736;0.0014723859002823;737.537163640042;0.00242418665980736;0.0014723859002823;""
737.689822117356;0.00242375368768047;0.00147313423850516;737.689822117356;0.00242375368768047;0.00147313423850516;""
737.842439173021;0.00242337015009228;0.00147372322274645;737.842439173021;0.00242337015009228;0.00147372322274645;""
737.99501488125;0.00242304821795501;0.00147419270363407;737.99501488125;0.00242304821795501;0.00147419270363407;""
738.147549316259;0.0024228000424616;0.0014745824669609;738.147549316259;0.0024228000424616;0.0014745824669609;""
738.300042552264;0.00242263775515847;0.00147493223392173;738.300042552264;0.00242263775515847;0.00147493223392173;""
738.452494663478;0.00242257346801805;0.0014752816613498;738.452494663478;0.00242257346801805;0.0014752816613498;""
738.604905724119;0.00242261927351137;0.00147567034195316;738.604905724119;0.00242261927351137;0.00147567034195316;""
738.7572758084;0.00242277948732885;0.00147612839186748;738.7572758084;0.00242277948732885;0.00147612839186748;""
738.909604990537;0.00242302740138327;0.00147664824315937;738.909604990537;0.00242302740138327;0.00147664824315937;""
739.061893344746;0.00242332859953603;0.00147721293501391;739.061893344746;0.00242332859953603;0.00147721293501391;""
739.21414094524;0.00242364872100427;0.00147780553391298;739.21414094524;0.00242364872100427;0.00147780553391298;""
739.366347866237;0.00242395346015663;0.00147840913353458;739.366347866237;0.00242395346015663;0.00147840913353458;""
739.51851418195;0.00242420856630911;0.00147900685465242;739.51851418195;0.00242420856630911;0.00147900685465242;""
739.670639966595;0.00242437984352141;0.0014795818450355;739.670639966595;0.00242437984352141;0.0014795818450355;""
739.822725294388;0.00242444163116731;0.00148012091035558;739.822725294388;0.00242444163116731;0.00148012091035558;""
739.974770239542;0.00242440221903429;0.00148062539554192;739.974770239542;0.00242440221903429;0.00148062539554192;""
740.126774876275;0.00242427835765189;0.00148110027147272;740.126774876275;0.00242427835765189;0.00148110027147272;""
740.2787392788;0.00242408677084721;0.0014815505010984;740.2787392788;0.00242408677084721;0.0014815505010984;""
740.430663521333;0.00242384415584388;0.00148198103947097;740.430663521333;0.00242384415584388;0.00148198103947097;""
740.58254767809;0.0024235671833609;0.00148239683377335;740.58254767809;0.0024235671833609;0.00148239683377335;""
740.734391823284;0.00242327249771144;0.00148280282334866;740.734391823284;0.00242327249771144;0.00148280282334866;""
740.886196031133;0.0024229726972432;0.00148319977354006;740.886196031133;0.0024229726972432;0.00148319977354006;""
741.03796037585;0.0024226642881273;0.0014835717902782;741.03796037585;0.0024226642881273;0.0014835717902782;""
741.189684931651;0.00242233976553038;0.00148389884158357;741.189684931651;0.00242233976553038;0.00148389884158357;""
741.341369772752;0.00242199163640164;0.00148416092692619;741.341369772752;0.00242199163640164;0.00148416092692619;""
741.493014973366;0.0024216124194284;0.00148433807710697;741.493014973366;0.0024216124194284;0.00148433807710697;""
741.644620607711;0.0024211946449917;0.00148441035413928;741.644620607711;0.0024211946449917;0.00148441035413928;""
741.79618675;0.00242073085512206;0.00148435785113067;741.79618675;0.00242073085512206;0.00148435785113067;""
741.947713474449;0.00242021824978662;0.00148417183493075;741.947713474449;0.00242021824978662;0.00148417183493075;""
742.099200855274;0.0024196726113643;0.00148388813959754;742.099200855274;0.0024196726113643;0.00148388813959754;""
742.250648966688;0.00241911434035008;0.00148355367740989;742.250648966688;0.00241911434035008;0.00148355367740989;""
742.402057882909;0.00241856380551689;0.00148321528768018;742.402057882909;0.00241856380551689;0.00148321528768018;""
742.55342767815;0.00241804134403603;0.0014829197370309;742.55342767815;0.00241804134403603;0.0014829197370309;""
742.704758426627;0.00241756726159725;0.00148271371967087;742.704758426627;0.00241756726159725;0.00148271371967087;""
742.856050202556;0.00241716183252878;0.00148264385767107;742.856050202556;0.00241716183252878;0.00148264385767107;""
743.00730308015;0.00241684529991713;0.00148275670124017;743.00730308015;0.00241684529991713;0.00148275670124017;""
743.158517133627;0.00241663208625573;0.00148308418516717;743.158517133627;0.00241663208625573;0.00148308418516717;""
743.3096924372;0.0024165134429523;0.00148360004231694;743.3096924372;0.0024165134429523;0.00148360004231694;""
743.460829065085;0.00241647484992083;0.00148426351342721;743.460829065085;0.00241647484992083;0.00148426351342721;""
743.611927091498;0.00241650180942789;0.00148503390190659;743.611927091498;0.00241650180942789;0.00148503390190659;""
743.762986590652;0.00241657984600739;0.00148587057359522;743.762986590652;0.00241657984600739;0.00148587057359522;""
743.914007636765;0.00241669450637558;0.00148673295652583;743.914007636765;0.00241669450637558;0.00148673295652583;""
744.06499030405;0.0024168313593461;0.00148758054068498;744.06499030405;0.0024168313593461;0.00148758054068498;""
744.215934666723;0.00241697979700916;0.00148837850980347;744.215934666723;0.00241697979700916;0.00148837850980347;""
744.366840799;0.00241714442688726;0.0014891146200893;744.366840799;0.00241714442688726;0.0014891146200893;""
744.517708775094;0.00241733364790328;0.0014897822740413;744.517708775094;0.00241733364790328;0.0014897822740413;""
744.668538669223;0.00241755584627126;0.00149037488409269;744.668538669223;0.00241755584627126;0.00149037488409269;""
744.8193305556;0.00241781939554573;0.00149088587257209;744.8193305556;0.00241781939554573;0.00149088587257209;""
744.970084508441;0.00241813265667108;0.00149130867166464;744.970084508441;0.00241813265667108;0.00149130867166464;""
745.120800601962;0.00241850397803079;0.00149163672337317;745.120800601962;0.00241850397803079;0.00149163672337317;""
745.271478910376;0.00241893510155164;0.00149186815624252;745.271478910376;0.00241893510155164;0.00149186815624252;""
745.422119507901;0.00241940140071914;0.00149201980156622;745.422119507901;0.00241940140071914;0.00149201980156622;""
745.57272246875;0.00241987169700881;0.00149211313855564;745.57272246875;0.00241987169700881;0.00149211313855564;""
745.723287867139;0.00242031485861021;0.00149216961418338;745.723287867139;0.00242031485861021;0.00149216961418338;""
745.873815777284;0.00242069980024439;0.00149221064330886;745.873815777284;0.00242069980024439;0.00149221064330886;""
746.024306273398;0.00242099548298154;0.00149225760880378;746.024306273398;0.00242099548298154;0.00149225760880378;""
746.174759429699;0.00242117091405891;0.00149233186167732;746.174759429699;0.00242117091405891;0.00149233186167732;""
746.3251753204;0.00242120632377845;0.00149245161867693;746.3251753204;0.00242120632377845;0.00149245161867693;""
746.475554019717;0.00242112666340426;0.00149262266404439;746.475554019717;0.00242112666340426;0.00149262266404439;""
746.625895601866;0.00242096801589072;0.00149284767327233;746.625895601866;0.00242096801589072;0.00149284767327233;""
746.77620014106;0.0024207664107044;0.00149312931795092;746.77620014106;0.0024207664107044;0.00149312931795092;""
746.926467711517;0.00242055782403464;0.00149347026578368;746.926467711517;0.00242055782403464;0.00149347026578368;""
747.07669838745;0.00242037817900379;0.00149387318060325;747.07669838745;0.00242037817900379;0.00149387318060325;""
747.226892243075;0.0024202633458772;0.00149434072238716;747.226892243075;0.0024202633458772;0.00149434072238716;""
747.377049352608;0.00242023766794373;0.00149487332023823;747.377049352608;0.00242023766794373;0.00149487332023823;""
747.527169790262;0.00242027957236077;0.00149546249782024;747.527169790262;0.00242027957236077;0.00149546249782024;""
747.677253630255;0.0024203560520117;0.00149609756586489;747.677253630255;0.0024203560520117;0.00149609756586489;""
747.8273009468;0.00242043414806859;0.00149676785078032;747.8273009468;0.00242043414806859;0.00149676785078032;""
747.977311814113;0.0024204809498;0.00149746269458889;747.977311814113;0.0024204809498;0.00149746269458889;""
748.12728630641;0.0024204635943789;0.00149817145486515;748.12728630641;0.0024204635943789;0.00149817145486515;""
748.277224497904;0.00242034926669094;0.00149888350467381;748.277224497904;0.00242034926669094;0.00149888350467381;""
748.427126462813;0.00242011631334794;0.00149958597899958;748.427126462813;0.00242011631334794;0.00149958597899958;""
748.57699227535;0.00241978755295029;0.00150025702068151;748.57699227535;0.00241978755295029;0.00150025702068151;""
748.726822009731;0.00241939687717266;0.00150087255225252;748.726822009731;0.00241939687717266;0.00150087255225252;""
748.876615740172;0.00241897812869632;0.00150140853094147;748.876615740172;0.00241897812869632;0.00150140853094147;""
749.026373540886;0.00241856510140602;0.00150184094853304;749.026373540886;0.00241856510140602;0.00150184094853304;""
749.176095486091;0.00241819154058655;0.00150214583122776;749.176095486091;0.00241819154058655;0.00150214583122776;""
749.32578165;0.00241789114311918;0.00150229923950215;749.32578165;0.00241789114311918;0.00150229923950215;""
749.475432106829;0.0024176893274739;0.00150228898687559;749.475432106829;0.0024176893274739;0.00150228898687559;""
749.625046930794;0.00241757856680698;0.00150214976301001;749.625046930794;0.00241757856680698;0.00150214976301001;""
749.774626196108;0.00241754312078736;0.0015019279184444;749.774626196108;0.00241754312078736;0.0015019279184444;""
749.924169976989;0.00241756727160196;0.00150166973756673;749.924169976989;0.00241756727160196;0.00150166973756673;""
750.07367834765;0.00241763532386461;0.00150142143888262;750.07367834765;0.00241763532386461;0.00150142143888262;""
750.223151382307;0.00241773160452508;0.00150122917528363;750.223151382307;0.00241773160452508;0.00150122917528363;""
750.372589155176;0.00241784046277821;0.00150113903431516;750.372589155176;0.00241784046277821;0.00150113903431516;""
750.52199174047;0.0024179519888223;0.00150118409913326;750.52199174047;0.0024179519888223;0.00150118409913326;""
750.671359212407;0.00241807915418882;0.00150134566732777;750.671359212407;0.00241807915418882;0.00150134566732777;""
750.8206916452;0.0024182406269718;0.00150159213277426;750.8206916452;0.0024182406269718;0.00150159213277426;""
750.969989113065;0.00241845504904529;0.00150189193390666;750.969989113065;0.00241845504904529;0.00150189193390666;""
751.119251690218;0.00241874103617153;0.00150221355353456;751.119251690218;0.00241874103617153;0.00150221355353456;""
751.268479450872;0.00241911717810891;0.00150252551866078;751.268479450872;0.00241911717810891;0.00150252551866078;""
751.417672469245;0.00241960203871987;0.00150279640029918;751.417672469245;0.00241960203871987;0.00150279640029918;""
751.56683081955;0.00242020599799506;0.00150300615060587;751.56683081955;0.00242020599799506;0.00150300615060587;""
751.715954576003;0.00242090680061269;0.0015031800830875;751.715954576003;0.00242090680061269;0.0015031800830875;""
751.86504381282;0.00242167406989832;0.0015033548054455;751.86504381282;0.00242167406989832;0.0015033548054455;""
752.014098604214;0.00242247747142276;0.00150356687456744;752.014098604214;0.00242247747142276;0.00150356687456744;""
752.163119024403;0.00242328671282692;0.00150385279673839;752.163119024403;0.00242328671282692;0.00150385279673839;""
752.3121051476;0.00242407154364675;0.00150424902785205;752.3121051476;0.00242407154364675;0.00150424902785205;""
752.461057048021;0.00242480175513851;0.00150479197362155;752.461057048021;0.00242480175513851;0.00150479197362155;""
752.609974799882;0.00242545034952611;0.00150550232352056;752.609974799882;0.00242545034952611;0.00150550232352056;""
752.758858477396;0.00242600303939085;0.00150633809519584;752.758858477396;0.00242600303939085;0.00150633809519584;""
752.907708154781;0.00242644872405352;0.00150724170851107;752.907708154781;0.00242644872405352;0.00150724170851107;""
753.05652390625;0.0024267763179073;0.00150815566226428;753.05652390625;0.0024267763179073;0.00150815566226428;""
753.205305806019;0.00242697475035353;0.00150902253385638;753.205305806019;0.00242697475035353;0.00150902253385638;""
753.354053928304;0.00242703296573753;0.00150978497896008;753.354053928304;0.00242703296573753;0.00150978497896008;""
753.502768347318;0.00242693992328453;0.00151038573118916;753.502768347318;0.00242693992328453;0.00151038573118916;""
753.651449137279;0.0024266932550115;0.00151078658450306;753.651449137279;0.0024266932550115;0.00151078658450306;""
753.8000963724;0.00242632521614591;0.0015110252896781;753.8000963724;0.00242632521614591;0.0015110252896781;""
753.948710126897;0.00242587667024011;0.00151115851611256;753.948710126897;0.00242587667024011;0.00151115851611256;""
754.097290474986;0.00242538842555421;0.00151124285653397;754.097290474986;0.00242538842555421;0.00151124285653397;""
754.24583749088;0.00242490123529069;0.00151133482732455;754.24583749088;0.00242490123529069;0.00151133482732455;""
754.394351248797;0.0024244557978287;0.00151149086884616;754.394351248797;0.0024244557978287;0.00151149086884616;""
754.54283182295;0.00242409275695822;0.00151176734576495;754.54283182295;0.00242409275695822;0.00151176734576495;""
754.691279287555;0.00242384589815687;0.00151220438979775;754.691279287555;0.00242384589815687;0.00151220438979775;""
754.839693716828;0.00242372175512056;0.00151277747044596;754.839693716828;0.00242372175512056;0.00151277747044596;""
754.988075184982;0.0024237200535554;0.00151344594330306;754.988075184982;0.0024237200535554;0.00151344594330306;""
755.136423766235;0.00242384051968694;0.00151416921821314;755.136423766235;0.00242384051968694;0.00151416921821314;""
755.2847395348;0.00242408288025899;0.00151490675903801;755.2847395348;0.00242408288025899;0.00151490675903801;""
755.433022564893;0.00242444686253232;0.00151561808342476;755.433022564893;0.00242444686253232;0.00151561808342476;""
755.58127293073;0.00242493219428347;0.00151626276257347;755.58127293073;0.00242493219428347;0.00151626276257347;""
755.729490706524;0.00242553013574084;0.00151681153769258;755.729490706524;0.00242553013574084;0.00151681153769258;""
755.877675966493;0.00242619809768559;0.00151727964056714;755.877675966493;0.00242619809768559;0.00151727964056714;""
756.02582878485;0.00242688508451514;0.0015176933922289;756.02582878485;0.00242688508451514;0.0015176933922289;""
756.173949235811;0.00242754016760088;0.00151807907908504;756.173949235811;0.00242754016760088;0.00151807907908504;""
756.322037393592;0.00242811248499648;0.00151846295306862;756.322037393592;0.00242811248499648;0.00151846295306862;""
756.470093332406;0.00242855124114657;0.00151887123178876;756.470093332406;0.00242855124114657;0.00151887123178876;""
756.618117126471;0.00242880570659571;0.00151933009868081;756.618117126471;0.00242880570659571;0.00151933009868081;""
756.76610885;0.00242882521769774;0.00151986570315619;756.76610885;0.00242882521769774;0.00151986570315619;""
756.914068577209;0.00242857923257989;0.00152049673894482;756.914068577209;0.00242857923257989;0.00152049673894482;""
757.061996382314;0.00242811744769638;0.00152121219803564;757.061996382314;0.00242811744769638;0.00152121219803564;""
757.209892339528;0.00242750953822531;0.00152199366975592;757.209892339528;0.00242750953822531;0.00152199366975592;""
757.357756523069;0.00242682508919753;0.00152282276728955;757.357756523069;0.00242682508919753;0.00152282276728955;""
757.50558900715;0.00242613359589385;0.00152368112757213;757.50558900715;0.00242613359589385;0.00152368112757213;""
757.653389865987;0.00242550446424177;0.00152455041118622;757.653389865987;0.00242550446424177;0.00152455041118622;""
757.801159173796;0.0024250070112117;0.00152541230225673;757.801159173796;0.0024250070112117;0.00152541230225673;""
757.94889700479;0.00242469192788945;0.00152624671847119;757.94889700479;0.00242469192788945;0.00152624671847119;""
758.096603433187;0.00242453571517924;0.00152702644591482;758.096603433187;0.00242453571517924;0.00152702644591482;""
758.2442785332;0.00242449637861923;0.00152772251655274;758.2442785332;0.00242449637861923;0.00152772251655274;""
758.391922379045;0.00242453197731701;0.00152830599908412;758.391922379045;0.00242453197731701;0.00152830599908412;""
758.539535044938;0.00242460062371078;0.00152874799877708;758.539535044938;0.00242460062371078;0.00152874799877708;""
758.687116605092;0.00242466048333085;0.00152901965730367;758.687116605092;0.00242466048333085;0.00152901965730367;""
758.834667133725;0.00242466977456142;0.00152909215257519;758.834667133725;0.00242466977456142;0.00152909215257519;""
758.98218670505;0.00242460776274282;0.00152895700364489;758.98218670505;0.00242460776274282;0.00152895700364489;""
759.129675393283;0.00242453769021822;0.00152868693474066;759.129675393283;0.00242453769021822;0.00152868693474066;""
759.27713327264;0.00242454370110951;0.00152837487095221;759.27713327264;0.00242454370110951;0.00152837487095221;""
759.424560417334;0.00242470983423581;0.00152811362090623;759.424560417334;0.00242470983423581;0.00152811362090623;""
759.571956901583;0.00242512002359171;0.00152799587729409;759.571956901583;0.00242512002359171;0.00152799587729409;""
759.7193227996;0.00242585809882482;0.00152811421739906;759.7193227996;0.00242585809882482;0.00152811421739906;""
759.866658185601;0.00242700778571288;0.0015285611036228;759.866658185601;0.00242700778571288;0.0015285611036228;""
760.013963133802;0.00242861746668517;0.0015293975787559;760.013963133802;0.00242861746668517;0.0015293975787559;""
760.161237718416;0.00243059454859097;0.00153055942816344;760.161237718416;0.00243059454859097;0.00153055942816344;""
760.308482013661;0.00243281133502744;0.00153195123109288;760.308482013661;0.00243281133502744;0.00153195123109288;""
760.45569609375;0.00243514028742029;0.00153347768479844;760.45569609375;0.00243514028742029;0.00153347768479844;""
760.602880032899;0.00243745402430064;0.00153504360400099;760.602880032899;0.00243745402430064;0.00153504360400099;""
760.750033905324;0.00243962532058272;0.00153655392034832;760.750033905324;0.00243962532058272;0.00153655392034832;""
760.897157785238;0.0024415271068422;0.0015379136818761;760.897157785238;0.0024415271068422;0.0015379136818761;""
761.044251746859;0.00244305622306789;0.00153904617866114;761.044251746859;0.00244305622306789;0.00153904617866114;""
761.1913158644;0.00244420462352948;0.00153994727673117;761.1913158644;0.00244420462352948;0.00153994727673117;""
761.338350212077;0.00244498801180386;0.00154063096200701;761.338350212077;0.00244498801180386;0.00154063096200701;""
761.485354864106;0.00244542207189327;0.00154111120312686;761.485354864106;0.00244542207189327;0.00154111120312686;""
761.6323298947;0.00244552246831313;0.00154140195152492;761.6323298947;0.00244552246831313;0.00154140195152492;""
761.779275378077;0.00244530484617997;0.00154151714150984;761.779275378077;0.00244530484617997;0.00154151714150984;""
761.92619138845;0.00244478483129907;0.00154147069034312;761.92619138845;0.00244478483129907;0.00154147069034312;""
762.073078000035;0.00244399567634537;0.00154128527959087;762.073078000035;0.00244399567634537;0.00154128527959087;""
762.219935287048;0.00244304115696038;0.00154101867798735;762.219935287048;0.00244304115696038;0.00154101867798735;""
762.366763323702;0.0024420425598559;0.00154073736101517;762.366763323702;0.0024420425598559;0.00154073736101517;""
762.513562184215;0.0024411210268082;0.00154050772473358;762.513562184215;0.0024411210268082;0.00154050772473358;""
762.6603319428;0.00244039755534241;0.00154039608615359;762.6603319428;0.00244039755534241;0.00154039608615359;""
762.807072673673;0.00243999299941605;0.00154046868361263;762.807072673673;0.00243999299941605;0.00154046868361263;""
762.95378445105;0.00244002807010177;0.00154079167714878;762.95378445105;0.00244002807010177;0.00154079167714878;""
763.100467349144;0.00244058023539661;0.00154140866934165;763.100467349144;0.00244058023539661;0.00154140866934165;""
763.247121442173;0.00244155451984256;0.00154227332005506;763.247121442173;0.00244155451984256;0.00154227332005506;""
763.39374680435;0.00244281298489642;0.00154331687776131;763.39374680435;0.00244281298489642;0.00154331687776131;""
763.540343509891;0.00244421785448836;0.00154447067196723;763.540343509891;0.00244421785448836;0.00154447067196723;""
763.686911633012;0.0024456315142459;0.00154566611282746;763.686911633012;0.0024456315142459;0.00154566611282746;""
763.833451247926;0.00244691651071866;0.0015468346907581;763.833451247926;0.00244691651071866;0.0015468346907581;""
763.979962428851;0.00244793555060411;0.001547907976051;763.979962428851;0.00244793555060411;0.001547907976051;""
764.12644525;0.00244858617159281;0.00154883370057265;764.12644525;0.00244858617159281;0.00154883370057265;""
764.272899785589;0.00244890467611971;0.00154962396637135;764.272899785589;0.00244890467611971;0.00154962396637135;""
764.419326109834;0.0024489619756803;0.00155030693407567;764.419326109834;0.0024489619756803;0.00155030693407567;""
764.565724296948;0.00244882889946828;0.00155091073162549;764.565724296948;0.00244882889946828;0.00155091073162549;""
764.712094421149;0.00244857619477342;0.0015514634544301;764.712094421149;0.00244857619477342;0.0015514634544301;""
764.85843655665;0.00244827452737897;0.00155199316552585;764.85843655665;0.00244827452737897;0.00155199316552585;""
765.004750777667;0.00244799448195858;0.00155252789573392;765.004750777667;0.00244799448195858;0.00155252789573392;""
765.151037158416;0.00244779128443751;0.00155308749592222;765.151037158416;0.00244779128443751;0.00155308749592222;""
765.29729577311;0.00244765900307778;0.00155365921203267;765.29729577311;0.00244765900307778;0.00155365921203267;""
765.443526695967;0.00244757644363986;0.00155422216127531;765.443526695967;0.00244757644363986;0.00155422216127531;""
765.5897300012;0.0024475224360237;0.00155475548455934;765.5897300012;0.0024475224360237;0.00155475548455934;""
765.735905763025;0.00244747583415006;0.0015552383463761;765.735905763025;0.00244747583415006;0.0015552383463761;""
765.882054055658;0.00244741551584183;0.00155564993468203;765.882054055658;0.00244741551584183;0.00155564993468203;""
766.028174953312;0.00244732038270568;0.00155596946078188;766.028174953312;0.00244732038270568;0.00155596946078188;""
766.174268530205;0.00244717856179585;0.00155618269592142;766.174268530205;0.00244717856179585;0.00155618269592142;""
766.32033486055;0.00244701499025099;0.00155630156667152;766.32033486055;0.00244701499025099;0.00155630156667152;""
766.466374018563;0.00244686377393289;0.00155634451918326;766.466374018563;0.00244686377393289;0.00155634451918326;""
766.61238607846;0.00244675898067184;0.0015563299789136;766.61238607846;0.00244675898067184;0.0015563299789136;""
766.758371114454;0.00244673464045753;0.00155627635072843;766.758371114454;0.00244673464045753;0.00155627635072843;""
766.904329200763;0.00244682474562963;0.00155620201900547;766.904329200763;0.00244682474562963;0.00155620201900547;""
767.0502604116;0.00244706325106828;0.00155612534773712;767.0502604116;0.00244706325106828;0.00155612534773712;""
767.196164821181;0.00244746657852068;0.00155606443552191;767.196164821181;0.00244746657852068;0.00155606443552191;""
767.342042503722;0.002447981167656;0.00155603638087203;767.342042503722;0.002447981167656;0.00155603638087203;""
767.487893533436;0.00244853603087924;0.00155605801858874;767.487893533436;0.00244853603087924;0.00155605801858874;""
767.633717984541;0.00244906025844151;0.001556146165103;767.633717984541;0.00244906025844151;0.001556146165103;""
767.77951593125;0.00244948301804379;0.00155631761856949;767.77951593125;0.00244948301804379;0.00155631761856949;""
767.925287447779;0.00244973355444105;0.00155658915896063;767.925287447779;0.00244973355444105;0.00155658915896063;""
768.071032608344;0.0024497411890469;0.0015569775481605;768.071032608344;0.0024497411890469;0.0015569775481605;""
768.216751487158;0.00244945979455393;0.00155749150152373;768.216751487158;0.00244945979455393;0.00155749150152373;""
768.362444158439;0.00244894116676831;0.00155810761969023;768.362444158439;0.00244894116676831;0.00155810761969023;""
768.5081106964;0.00244826150710749;0.00155879450448234;768.5081106964;0.00244826150710749;0.00155879450448234;""
768.653751175257;0.0024474969347641;0.0015595207916097;768.653751175257;0.0024474969347641;0.0015595207916097;""
768.799365669226;0.00244672348713022;0.00156025515049442;768.799365669226;0.00244672348713022;0.00156025515049442;""
768.94495425252;0.00244601712022109;0.00156096628409646;768.94495425252;0.00244601712022109;0.00156096628409646;""
769.090516999357;0.00244545370909852;0.00156162292873924;769.090516999357;0.00244545370909852;0.00156162292873924;""
769.23605398395;0.00244509499857511;0.00156220325021827;769.23605398395;0.00244509499857511;0.00156220325021827;""
769.381565280515;0.00244494648423614;0.00156272301257583;769.381565280515;0.00244494648423614;0.00156272301257583;""
769.527050963268;0.00244499961387896;0.00156320735439406;769.527050963268;0.00244499961387896;0.00156320735439406;""
769.672511106422;0.00244524584464691;0.00156368138766112;769.672511106422;0.00244524584464691;0.00156368138766112;""
769.817945784195;0.00244567664298213;0.00156417019791089;769.817945784195;0.00244567664298213;0.00156417019791089;""
769.9633550708;0.00244628348457854;0.00156469884436251;769.9633550708;0.00244628348457854;0.00156469884436251;""
770.108739040453;0.00244705785433473;0.00156529236005984;770.108739040453;0.00244705785433473;0.00156529236005984;""
770.25409776737;0.002447991246307;0.0015659757520107;770.25409776737;0.002447991246307;0.0015659757520107;""
770.399431325764;0.00244907377508609;0.00156676846718838;770.399431325764;0.00244907377508609;0.00156676846718838;""
770.544739789853;0.00245029001289834;0.00156766780172348;770.544739789853;0.00245029001289834;0.00156766780172348;""
770.69002323385;0.00245162316030134;0.00156866552343782;770.69002323385;0.00245162316030134;0.00156866552343782;""
770.835281731971;0.00245305643538884;0.00156975340881233;770.835281731971;0.00245305643538884;0.00156975340881233;""
770.980515358432;0.00245457307369769;0.00157092324294152;770.980515358432;0.00245457307369769;0.00157092324294152;""
771.125724187446;0.00245615632811498;0.00157216681948807;771.125724187446;0.00245615632811498;0.00157216681948807;""
771.270908293231;0.00245778946878535;0.00157347594063746;771.270908293231;0.00245778946878535;0.00157347594063746;""
771.41606775;0.00245945960291239;0.0015748425752848;771.41606775;0.00245945960291239;0.0015748425752848;""
771.561202631969;0.00246116912658924;0.00157625933336457;771.561202631969;0.00246116912658924;0.00157625933336457;""
771.706313013354;0.00246292425150117;0.00157771899054882;771.706313013354;0.00246292425150117;0.00157771899054882;""
771.851398968368;0.00246473118311948;0.00157921432989429;771.851398968368;0.00246473118311948;0.00157921432989429;""
771.996460571229;0.00246659612073615;0.00158073814180265;771.996460571229;0.00246659612073615;0.00158073814180265;""
772.14149789615;0.00246852525749812;0.0015822832239805;772.14149789615;0.00246852525749812;0.0015822832239805;""
772.286511017347;0.00247052478044178;0.00158384238139958;772.286511017347;0.00247052478044178;0.00158384238139958;""
772.431500009036;0.00247259471626878;0.00158540884587569;772.431500009036;0.00247259471626878;0.00158540884587569;""
772.57646494543;0.0024747104808562;0.00158697753404958;772.57646494543;0.0024747104808562;0.00158697753404958;""
772.721405900747;0.00247684136341541;0.0015885437870356;772.721405900747;0.00247684136341541;0.0015885437870356;""
772.8663229492;0.00247895668365377;0.00159010295056762;772.8663229492;0.00247895668365377;0.00159010295056762;""
773.011216165005;0.00248102579160514;0.00159165037497331;773.011216165005;0.00248102579160514;0.00159165037497331;""
773.156085622378;0.00248301806746033;0.00159318141514844;773.156085622378;0.00248301806746033;0.00159318141514844;""
773.300931395532;0.00248490292139766;0.0015946914305311;773.300931395532;0.00248490292139766;0.0015946914305311;""
773.445753558685;0.00248666418446954;0.00159617805250311;773.445753558685;0.00248666418446954;0.00159617805250311;""
773.59055218605;0.00248834325353706;0.00159764798222363;773.59055218605;0.00248834325353706;0.00159764798222363;""
773.735327351843;0.00248999586903895;0.00159911018061884;773.735327351843;0.00248999586903895;0.00159911018061884;""
773.88007913028;0.00249167771720399;0.00160057359989517;773.88007913028;0.00249167771720399;0.00160057359989517;""
774.024807595574;0.00249344443035831;0.0016020471835887;774.024807595574;0.00249344443035831;0.0016020471835887;""
774.169512821943;0.00249535158723249;0.00160353986661459;774.169512821943;0.00249535158723249;0.00160353986661459;""
774.3141948836;0.00249745471326828;0.00160506057531627;774.3141948836;0.00249745471326828;0.00160506057531627;""
774.458853854761;0.00249979179999968;0.00160661745828606;774.458853854761;0.00249979179999968;0.00160661745828606;""
774.603489809642;0.00250233089595637;0.00160821558019667;774.603489809642;0.00250233089595637;0.00160821558019667;""
774.748102822456;0.0025050226078893;0.00160985923209512;774.748102822456;0.0025050226078893;0.00160985923209512;""
774.892692967421;0.00250781758979674;0.00161155270102369;774.892692967421;0.00250781758979674;0.00161155270102369;""
775.03726031875;0.0025106665426525;0.00161330027004354;775.03726031875;0.0025106665426525;0.00161330027004354;""
775.181804950659;0.0025135202141347;0.00161510621825842;775.181804950659;0.0025135202141347;0.00161510621825842;""
775.326326937364;0.00251632939835467;0.00161697482083837;775.326326937364;0.00251632939835467;0.00161697482083837;""
775.470826353078;0.00251905523553194;0.00161890246470375;775.470826353078;0.00251905523553194;0.00161890246470375;""
775.615303272019;0.0025217000923203;0.0016208540102594;775.615303272019;0.0025217000923203;0.0016208540102594;""
775.7597577684;0.00252427662817977;0.00162278647009484;775.7597577684;0.00252427662817977;0.00162278647009484;""
775.904189916437;0.00252679749067296;0.00162465689678261;775.904189916437;0.00252679749067296;0.00162465689678261;""
776.048599790346;0.00252927531553438;0.00162642238264207;776.048599790346;0.00252927531553438;0.00162642238264207;""
776.19298746434;0.00253172272673978;0.00162804005950336;776.19298746434;0.00253172272673978;0.00162804005950336;""
776.337353012637;0.00253415233657559;0.00162946709847172;776.337353012637;0.00253415233657559;0.00162946709847172;""
776.48169650945;0.00253657707668551;0.00163068051911129;776.48169650945;0.00253657707668551;0.00163068051911129;""
776.626018028995;0.00253901119046788;0.00163173658127757;776.626018028995;0.00253901119046788;0.00163173658127757;""
776.770317645488;0.00254146923915873;0.00163271129358366;776.770317645488;0.00254146923915873;0.00163271129358366;""
776.914595433142;0.00254396577078244;0.00163368059531753;776.914595433142;0.00254396577078244;0.00163368059531753;""
777.058851466175;0.00254651532023173;0.00163472035685865;777.058851466175;0.00254651532023173;0.00163472035685865;""
777.2030858188;0.00254913240934733;0.00163590638009427;777.2030858188;0.00254913240934733;0.00163590638009427;""
777.347298565233;0.00255183154699783;0.00163731439883537;777.347298565233;0.00255183154699783;0.00163731439883537;""
777.49148977969;0.0025546192701849;0.00163899687287845;777.49148977969;0.0025546192701849;0.00163899687287845;""
777.635659536384;0.00255747028141143;0.0016409134107977;777.635659536384;0.00255747028141143;0.0016409134107977;""
777.779807909533;0.00256035135043762;0.00164300046159496;777.779807909533;0.00256035135043762;0.00164300046159496;""
777.92393497335;0.00256322927663922;0.00164519453110323;777.92393497335;0.00256322927663922;0.00164519453110323;""
778.068040802051;0.0025660708888259;0.00164743218163925;778.068040802051;0.0025660708888259;0.00164743218163925;""
778.212125469852;0.00256884304505948;0.00164965003165612;778.212125469852;0.00256884304505948;0.00164965003165612;""
778.356189050966;0.00257151263247233;0.00165178475539636;778.356189050966;0.00257151263247233;0.00165178475539636;""
778.500231619611;0.00257405715482462;0.00165379160787286;778.500231619611;0.00257405715482462;0.00165379160787286;""
778.64425325;0.00257649647707108;0.00165569996819296;778.64425325;0.00257649647707108;0.00165569996819296;""
778.788254016349;0.0025788610298032;0.00165755770695706;778.788254016349;0.0025788610298032;0.00165755770695706;""
778.932233992874;0.00258118121704283;0.00165941265308425;778.932233992874;0.00258118121704283;0.00165941265308425;""
779.076193253788;0.00258348741640821;0.00166131259407373;779.076193253788;0.00258348741640821;0.00166131259407373;""
779.220131873309;0.00258580997928014;0.00166330527626616;779.220131873309;0.00258580997928014;0.00166330527626616;""
779.36404992565;0.00258817923096767;0.00166543840510454;779.36404992565;0.00258817923096767;0.00166543840510454;""
779.507947485027;0.00259062122645867;0.00166774302883489;779.507947485027;0.00259062122645867;0.00166774302883489;""
779.651824625656;0.00259314502456639;0.00167018371737811;779.651824625656;0.00259314502456639;0.00167018371737811;""
779.79568142175;0.00259575543392492;0.00167270846153777;779.79568142175;0.00259575543392492;0.00167270846153777;""
779.939517947527;0.00259845725924458;0.00167526529637706;779.939517947527;0.00259845725924458;0.00167526529637706;""
780.0833342772;0.00260125530133818;0.00167780230093506;780.0833342772;0.00260125530133818;0.00167780230093506;""
780.227130484985;0.0026041543571474;0.0016802675979436;780.227130484985;0.0026041543571474;0.0016802675979436;""
780.370906645098;0.00260715921976914;0.00168260935354413;780.370906645098;0.00260715921976914;0.00168260935354413;""
780.514662831752;0.00261026774041494;0.00168478979276169;780.514662831752;0.00261026774041494;0.00168478979276169;""
780.658399119165;0.00261345002576102;0.00168682722321327;780.658399119165;0.00261345002576102;0.00168682722321327;""
780.80211558155;0.00261666927223943;0.00168875394702138;780.80211558155;0.00261666927223943;0.00168875394702138;""
780.945812293123;0.00261988870679678;0.00169060223939027;780.945812293123;0.00261988870679678;0.00169060223939027;""
781.0894893281;0.00262307158669384;0.00169240434878153;781.0894893281;0.00262307158669384;0.00169240434878153;""
781.233146760694;0.00262618119930535;0.0016941924970897;781.233146760694;0.00262618119930535;0.0016941924970897;""
781.376784665123;0.00262918086192009;0.00169599887981769;781.376784665123;0.00262918086192009;0.00169599887981769;""
781.5204031156;0.00263204687197229;0.00169784906354405;781.5204031156;0.00263204687197229;0.00169784906354405;""
781.664002186341;0.00263480733716737;0.00169974218866501;781.664002186341;0.00263480733716737;0.00169974218866501;""
781.807581951562;0.00263750328748296;0.00170167079630548;781.807581951562;0.00263750328748296;0.00170167079630548;""
781.951142485476;0.0026401757196972;0.00170362743366988;781.951142485476;0.0026401757196972;0.00170362743366988;""
782.094683862301;0.00264286559761182;0.00170560465400184;782.094683862301;0.00264286559761182;0.00170560465400184;""
782.23820615625;0.00264561385227463;0.00170759501654351;782.23820615625;0.00264561385227463;0.00170759501654351;""
782.381709441539;0.0026484613822023;0.00170959108649532;782.381709441539;0.0026484613822023;0.00170959108649532;""
782.525193792384;0.00265143992291024;0.00171158731772587;782.525193792384;0.00265143992291024;0.00171158731772587;""
782.668659282998;0.00265454466945854;0.00171358569801318;782.668659282998;0.00265454466945854;0.00171358569801318;""
782.812105987599;0.00265776169381989;0.00171559009558421;782.812105987599;0.00265776169381989;0.00171559009558421;""
782.9555339804;0.00266107707911147;0.00171760437563988;782.9555339804;0.00266107707911147;0.00171760437563988;""
783.098943335617;0.00266447691951974;0.00171963240037621;783.098943335617;0.00266447691951974;0.00171963240037621;""
783.242334127466;0.00266794732022497;0.00172167802900523;783.242334127466;0.00266794732022497;0.00172167802900523;""
783.38570643016;0.00267147439732589;0.00172374511777593;783.38570643016;0.00267147439732589;0.00172374511777593;""
783.529060317917;0.00267504427776462;0.00172583751999526;783.529060317917;0.00267504427776462;0.00172583751999526;""
783.67239586495;0.00267864651362624;0.00172796166680093;783.67239586495;0.00267864651362624;0.00172796166680093;""
783.815713145475;0.00268228431996779;0.00173013430549183;783.815713145475;0.00268228431996779;0.00173013430549183;""
783.959012233708;0.00268596432253099;0.00173237475042461;783.959012233708;0.00268596432253099;0.00173237475042461;""
784.102293203862;0.00268969314209222;0.00173470230137571;784.102293203862;0.00268969314209222;0.00173470230137571;""
784.245556130155;0.00269347739449869;0.00173713624364615;784.245556130155;0.00269347739449869;0.00173713624364615;""
784.3888010868;0.00269732369070409;0.00173969584816602;784.3888010868;0.00269732369070409;0.00173969584816602;""
784.532028148013;0.00270123863680466;0.00174240037159918;784.532028148013;0.00270123863680466;0.00174240037159918;""
784.67523738801;0.00270522042120872;0.0017452570177207;784.67523738801;0.00270522042120872;0.0017452570177207;""
784.818428881004;0.00270923358858323;0.00174822483924184;784.818428881004;0.00270923358858323;0.00174822483924184;""
784.961602701213;0.0027132343002582;0.00175125088524707;784.961602701213;0.0027132343002582;0.00175125088524707;""
785.10475892285;0.00271717874999651;0.00175428224412929;785.10475892285;0.00271717874999651;0.00175428224412929;""
785.247897620131;0.00272102316375707;0.00175726604330369;785.247897620131;0.00272102316375707;0.00175726604330369;""
785.391018867272;0.00272472379945779;0.00176014944892159;785.391018867272;0.00272472379945779;0.00176014944892159;""
785.534122738486;0.00272823694673874;0.00176287966558458;785.534122738486;0.00272823694673874;0.00176287966558458;""
785.677209307991;0.00273153954817924;0.00176542249408492;785.677209307991;0.00273153954817924;0.00176542249408492;""
785.82027865;0.00273469103362981;0.00176781797838719;785.82027865;0.00273469103362981;0.00176781797838719;""
785.963330838729;0.00273777140378068;0.00177012468461683;785.963330838729;0.00273777140378068;0.00177012468461683;""
786.106365948394;0.00274086060165897;0.00177240113661767;786.106365948394;0.00274086060165897;0.00177240113661767;""
786.249384053208;0.00274403851306051;0.00177470581626792;786.249384053208;0.00274403851306051;0.00177470581626792;""
786.392385227389;0.00274738496698159;0.00177709716379626;786.392385227389;0.00274738496698159;0.00177709716379626;""
786.53536954515;0.00275097973604994;0.00177963357809726;786.53536954515;0.00275097973604994;0.00177963357809726;""
786.678337080707;0.00275487621744473;0.00178235732898928;786.678337080707;0.00275487621744473;0.00178235732898928;""
786.821287908276;0.00275902251170146;0.00178524631591681;786.821287908276;0.00275902251170146;0.00178524631591681;""
786.96422210207;0.00276334044588161;0.00178826237168494;786.96422210207;0.00276334044588161;0.00178826237168494;""
787.107139736307;0.00276775190193205;0.00179136735597764;787.107139736307;0.00276775190193205;0.00179136735597764;""
787.2500408852;0.00277217881626362;0.00179452315515195;787.2500408852;0.00277217881626362;0.00179452315515195;""
787.392925622965;0.00277654317933033;0.00179769168203268;787.392925622965;0.00277654317933033;0.00179769168203268;""
787.535794023818;0.0027807670352086;0.00180083487570695;787.535794023818;0.0027807670352086;0.00180083487570695;""
787.678646161972;0.00278479503284121;0.00180391970392824;787.678646161972;0.00278479503284121;0.00180391970392824;""
787.821482111645;0.00278866204994491;0.00180693316393657;787.821482111645;0.00278866204994491;0.00180693316393657;""
787.96430194705;0.00279242548425976;0.00180986726259392;787.96430194705;0.00279242548425976;0.00180986726259392;""
788.107105742403;0.00279614269449107;0.00181271401202333;788.107105742403;0.00279614269449107;0.00181271401202333;""
788.24989357192;0.00279987100061816;0.00181546542956564;788.24989357192;0.00279987100061816;0.00181546542956564;""
788.392665509814;0.00280366768420299;0.00181811353773633;788.392665509814;0.00280366768420299;0.00181811353773633;""
788.535421630303;0.00280758998869876;0.00182065036418262;788.535421630303;0.00280758998869876;0.00182065036418262;""
788.6781620076;0.00281167932749795;0.00182307568960229;788.6781620076;0.00281167932749795;0.00182307568960229;""
788.820886715921;0.00281591392826204;0.00182542028138133;788.820886715921;0.00281591392826204;0.00182542028138133;""
788.963595829482;0.00282025624618269;0.0018277226319175;788.963595829482;0.00282025624618269;0.0018277226319175;""
789.106289422496;0.00282466876126574;0.00183002120830124;789.106289422496;0.00282466876126574;0.00183002120830124;""
789.248967569181;0.00282911397812965;0.00183235445252272;789.248967569181;0.00282911397812965;0.00183235445252272;""
789.39163034375;0.0028335544258037;0.00183476078167838;789.39163034375;0.0028335544258037;0.00183476078167838;""
789.534277820419;0.00283795265752673;0.00183727858817771;789.534277820419;0.00283795265752673;0.00183727858817771;""
789.676910073404;0.00284227800587417;0.0018399341196299;789.676910073404;0.00284227800587417;0.0018399341196299;""
789.819527176918;0.00284652683993252;0.00184270513353819;789.819527176918;0.00284652683993252;0.00184270513353819;""
789.962129205179;0.00285070228414426;0.00184555728532247;789.962129205179;0.00285070228414426;0.00184555728532247;""
790.1047162324;0.00285480746083242;0.00184845625233572;790.1047162324;0.00285480746083242;0.00184845625233572;""
790.247288332797;0.00285884549021757;0.00185136773367992;790.247288332797;0.00285884549021757;0.00185136773367992;""
790.389845580586;0.00286281949043436;0.00185425745002183;790.389845580586;0.00286281949043436;0.00185425745002183;""
790.53238804998;0.00286673257754806;0.00185709114340883;790.53238804998;0.00286673257754806;0.00185709114340883;""
790.674915815197;0.00287059157017163;0.00185984620182684;790.674915815197;0.00287059157017163;0.00185984620182684;""
790.81742895045;0.00287441809871958;0.00186254651892327;790.81742895045;0.00287441809871958;0.00186254651892327;""
790.959927529955;0.00287823748369284;0.00186522759470998;790.959927529955;0.00287823748369284;0.00186522759470998;""
791.102411627928;0.00288207503006773;0.00186792490741371;791.102411627928;0.00288207503006773;0.00186792490741371;""
791.244881318582;0.00288595602743153;0.0018706739136663;791.244881318582;0.00288595602743153;0.0018706739136663;""
791.387336676135;0.00288990575011838;0.00187351004869505;791.387336676135;0.00288990575011838;0.00187351004869505;""
791.5297777748;0.00289394945734459;0.00187646872651254;791.5297777748;0.00289394945734459;0.00187646872651254;""
791.672204688793;0.00289810922727927;0.0018795734421886;791.672204688793;0.00289810922727927;0.0018795734421886;""
791.81461749233;0.0029023944627485;0.00188280009242959;791.81461749233;0.0029023944627485;0.00188280009242959;""
791.957016259625;0.00290681139610648;0.00188611269410313;791.957016259625;0.00290681139610648;0.00188611269410313;""
792.099401064893;0.00291136625628023;0.00188947528551891;792.099401064893;0.00291136625628023;0.00188947528551891;""
792.24177198235;0.00291606526880308;0.00189285192623605;792.24177198235;0.00291606526880308;0.00189285192623605;""
792.384129086211;0.00292091465584807;0.00189620669687068;792.384129086211;0.00292091465584807;0.00189620669687068;""
792.526472450692;0.00292592063626151;0.00189950369890354;792.526472450692;0.00292592063626151;0.00189950369890354;""
792.668802150006;0.00293107176130126;0.00190271777150719;792.668802150006;0.00293107176130126;0.00190271777150719;""
792.811118258371;0.00293628594202551;0.00190586663013282;792.811118258371;0.00293628594202551;0.00190586663013282;""
792.95342085;0.00294146347737569;0.00190897869392475;792.95342085;0.00294146347737569;0.00190897869392475;""
793.095709999109;0.0029465047230266;0.00191208236576601;793.095709999109;0.0029465047230266;0.00191208236576601;""
793.237985779914;0.00295131009085316;0.0019152060324302;793.237985779914;0.00295131009085316;0.0019152060324302;""
793.380248266628;0.00295578004839737;0.00191837806473326;793.380248266628;0.00295578004839737;0.00191837806473326;""
793.522497533469;0.002959815118336;0.00192162681768538;793.522497533469;0.002959815118336;0.00192162681768538;""
793.66473365465;0.00296335972187948;0.00192497250858952;793.66473365465;0.00296335972187948;0.00192497250858952;""
793.806956704387;0.00296653366168605;0.00192840285999092;793.806956704387;0.00296653366168605;0.00192840285999092;""
793.949166756896;0.00296950050555778;0.00193189748154412;793.949166756896;0.00296950050555778;0.00193189748154412;""
794.09136388639;0.00297242373122528;0.00193543599420908;794.09136388639;0.00297242373122528;0.00193543599420908;""
794.233548167087;0.0029754667272213;0.00193899803014258;794.233548167087;0.0029754667272213;0.00193899803014258;""
794.3757196732;0.00297879279375344;0.00194256323258909;794.3757196732;0.00297879279375344;0.00194256323258909;""
794.517878478945;0.00298256514357671;0.00194611125577234;794.517878478945;0.00298256514357671;0.00194611125577234;""
794.660024658538;0.00298689564582072;0.00194962624372646;794.660024658538;0.00298689564582072;0.00194962624372646;""
794.802158286192;0.00299169111003818;0.00195311026226142;794.802158286192;0.00299169111003818;0.00195311026226142;""
794.944279436125;0.00299680715251695;0.00195656985379405;794.944279436125;0.00299680715251695;0.00195656985379405;""
795.08638818255;0.00300209946621411;0.00196001155724908;795.08638818255;0.00300209946621411;0.00196001155724908;""
795.228484599683;0.00300742381998629;0.00196344190809422;795.228484599683;0.00300742381998629;0.00196344190809422;""
795.37056876174;0.00301263605782006;0.00196686743837493;795.37056876174;0.00301263605782006;0.00196686743837493;""
795.512640742934;0.00301759209806266;0.00197029467674917;795.512640742934;0.00301759209806266;0.00197029467674917;""
795.654700617483;0.00302219064765874;0.00197372756609709;795.654700617483;0.00302219064765874;0.00197372756609709;""
795.7967484596;0.00302650130298377;0.00197715971890425;795.7967484596;0.00302650130298377;0.00197715971890425;""
795.938784343501;0.00303063632870178;0.00198058216912856;795.938784343501;0.00303063632870178;0.00198058216912856;""
796.080808343402;0.00303470793243667;0.00198398595523801;796.080808343402;0.00303470793243667;0.00198398595523801;""
796.222820533516;0.00303882826537013;0.00198736212016282;796.222820533516;0.00303882826537013;0.00198736212016282;""
796.364820988061;0.00304310942283963;0.00199070171124785;796.364820988061;0.00304310942283963;0.00199070171124785;""
796.50680978125;0.00304766344493556;0.00199399578020462;796.50680978125;0.00304766344493556;0.00199399578020462;""
796.648786987299;0.00305260231709865;0.00199723538306377;796.648786987299;0.00305260231709865;0.00199723538306377;""
796.790752680424;0.00305799799830284;0.00200041802854565;796.790752680424;0.00305799799830284;0.00200041802854565;""
796.932706934838;0.00306376254305737;0.0020035670170331;796.932706934838;0.00306376254305737;0.0020035670170331;""
797.074649824759;0.00306976808630289;0.00200671208445088;797.074649824759;0.00306976808630289;0.00200671208445088;""
797.2165814244;0.00307588682486996;0.00200988295243653;797.2165814244;0.00307588682486996;0.00200988295243653;""
797.358501807977;0.0030819910167991;0.00201310932849871;797.358501807977;0.0030819910167991;0.00201310932849871;""
797.500411049706;0.00308795298066068;0.00201642090617536;797.500411049706;0.00308795298066068;0.00201642090617536;""
797.6423092238;0.00309364509487512;0.00201984736519165;797.6423092238;0.00309364509487512;0.00201984736519165;""
797.784196404477;0.00309898362674784;0.00202340891882059;797.784196404477;0.00309898362674784;0.00202340891882059;""
797.92607266595;0.00310406018045713;0.00202708796437687;797.92607266595;0.00310406018045713;0.00202708796437687;""
798.067938082435;0.0031090101370331;0.00203085745690821;798.067938082435;0.0031090101370331;0.00203085745690821;""
798.209792728148;0.00311396881517499;0.00203469036404659;798.209792728148;0.00311396881517499;0.00203469036404659;""
798.351636677302;0.0031190714719707;0.0020385596658644;798.351636677302;0.0031190714719707;0.0020385596658644;""
798.493470004115;0.00312445330361641;0.00204243835473106;798.493470004115;0.00312445330361641;0.00204243835473106;""
798.6352927828;0.00313024944613513;0.0020462994351691;798.6352927828;0.00313024944613513;0.0020462994351691;""
798.777105087573;0.0031365416103233;0.00205012172521529;798.777105087573;0.0031365416103233;0.00205012172521529;""
798.91890699265;0.00314319803211248;0.00205390725568488;798.91890699265;0.00314319803211248;0.00205390725568488;""
799.060698572244;0.00315003365202021;0.00205766385666424;799.060698572244;0.00315003365202021;0.00205766385666424;""
799.202479900573;0.00315686349176489;0.00206139935476273;799.202479900573;0.00315686349176489;0.00206139935476273;""
799.34425105185;0.00316350265328257;0.00206512157315394;799.34425105185;0.00316350265328257;0.00206512157315394;""
799.486012100291;0.00316976631774497;0.0020688383316175;799.486012100291;0.00316976631774497;0.0020688383316175;""
799.627763120112;0.00317546974457744;0.00207255744658049;799.627763120112;0.00317546974457744;0.00207255744658049;""
799.769504185526;0.00318049287262228;0.00207628633687743;799.769504185526;0.00318049287262228;0.00207628633687743;""
799.911235370751;0.00318497407155701;0.00208003084127763;799.911235370751;0.00318497407155701;0.00208003084127763;""
800.05295675;0.00318911624084134;0.00208379640194202;800.05295675;0.00318911624084134;0.00208379640194202;""
800.194668397489;0.00319312219503735;0.00208758845881676;800.194668397489;0.00319312219503735;0.00208758845881676;""
800.336370387434;0.00319719466488579;0.00209141244966207;800.336370387434;0.00319719466488579;0.00209141244966207;""
800.478062794048;0.00320153629838184;0.00209527381008097;800.478062794048;0.00320153629838184;0.00209527381008097;""
800.619745691549;0.00320634966185089;0.00209917797354839;800.619745691549;0.00320634966185089;0.00209917797354839;""
800.76141915415;0.00321178296115203;0.00210312900765012;800.76141915415;0.00321178296115203;0.00210312900765012;""
800.903083256067;0.00321776724617473;0.00210712552382439;800.903083256067;0.00321776724617473;0.00210712552382439;""
801.044738071516;0.00322417932606099;0.00211116477063201;801.044738071516;0.00322417932606099;0.00211116477063201;""
801.18638367471;0.00323089605926854;0.0021152439978039;801.18638367471;0.00323089605926854;0.0021152439978039;""
801.328020139867;0.00323779435291842;0.00211936045622667;801.328020139867;0.00323779435291842;0.00211936045622667;""
801.4696475412;0.00324475116214195;0.00212351139792783;801.4696475412;0.00324475116214195;0.00212351139792783;""
801.611265952925;0.00325164348942884;0.0021276940760614;801.611265952925;0.00325164348942884;0.0021276940760614;""
801.752875449258;0.00325837179216746;0.00213190630106386;801.752875449258;0.00325837179216746;0.00213190630106386;""
801.894476104412;0.00326493018903345;0.00213614810873433;801.894476104412;0.00326493018903345;0.00213614810873433;""
802.036067992605;0.00327133620440635;0.00214042009098755;802.036067992605;0.00327133620440635;0.00214042009098755;""
802.17765118805;0.00327760735584796;0.0021447228395811;802.17765118805;0.00327760735584796;0.0021447228395811;""
802.319225764963;0.00328376115419541;0.00214905694611888;802.319225764963;0.00328376115419541;0.00214905694611888;""
802.46079179756;0.0032898151036537;0.00215342300205406;802.46079179756;0.0032898151036537;0.00215342300205406;""
802.602349360054;0.00329578670188817;0.00215782159869221;802.602349360054;0.00329578670188817;0.00215782159869221;""
802.743898526663;0.00330170372118475;0.00216225820709125;802.743898526663;0.00330170372118475;0.00216225820709125;""
802.8854393716;0.00330763504449092;0.00216675781431159;802.8854393716;0.00330763504449092;0.00216675781431159;""
803.026971969081;0.00331365980976133;0.00217135027777493;803.026971969081;0.00331365980976133;0.00217135027777493;""
803.168496393322;0.00331985712747986;0.00217606544465727;803.168496393322;0.00331985712747986;0.00217606544465727;""
803.310012718536;0.00332630608107844;0.00218093315204688;803.310012718536;0.00332630608107844;0.00218093315204688;""
803.451521018941;0.00333308572735613;0.00218598322710261;803.451521018941;0.00333308572735613;0.00218598322710261;""
803.59302136875;0.00334027509689723;0.00219124548721147;803.59302136875;0.00334027509689723;0.00219124548721147;""
803.734513842179;0.0033479068098646;0.00219672861556401;803.734513842179;0.0033479068098646;0.00219672861556401;""
803.875998513444;0.00335582795323308;0.00220235680154134;803.875998513444;0.00335582795323308;0.00220235680154134;""
804.017475456758;0.00336383928813273;0.00220803313878077;804.017475456758;0.00336383928813273;0.00220803313878077;""
804.158944746339;0.00337174164116739;0.00221366075277431;804.158944746339;0.00337174164116739;0.00221366075277431;""
804.3004064564;0.00337933590336052;0.0022191428003558;804.3004064564;0.00337933590336052;0.0022191428003558;""
804.441860661157;0.00338642302910228;0.00222438246918889;804.441860661157;0.00338642302910228;0.00222438246918889;""
804.583307434826;0.00339280403509638;0.00222928297725477;804.583307434826;0.00339280403509638;0.00222928297725477;""
804.72474685162;0.0033983770199481;0.00223379570417013;804.72474685162;0.0033983770199481;0.00223379570417013;""
804.866178985757;0.00340342816508974;0.0022380645564273;804.866178985757;0.00340342816508974;0.0022380645564273;""
805.00760391145;0.00340834056828657;0.00224228152003612;805.00760391145;0.00340834056828657;0.00224228152003612;""
805.149021702915;0.00341349720988122;0.00224663852219799;805.149021702915;0.00341349720988122;0.00224663852219799;""
805.290432434368;0.00341928095481822;0.00225132743232038;805.290432434368;0.00341928095481822;0.00225132743232038;""
805.431836180022;0.00342607455466768;0.00225654006303097;805.431836180022;0.00342607455466768;0.00225654006303097;""
805.573233014095;0.0034342606496491;0.00226246817119192;805.573233014095;0.0034342606496491;0.00226246817119192;""
805.7146230108;0.00344404998960002;0.00226920724388615;805.7146230108;0.00344404998960002;0.00226920724388615;""
805.856006244353;0.003454966191438;0.00227646790957585;805.856006244353;0.003454966191438;0.00227646790957585;""
805.99738278897;0.00346636125444222;0.00228386467946998;805.99738278897;0.00346636125444222;0.00228386467946998;""
806.138752718864;0.00347758736280599;0.00229101217447379;806.138752718864;0.00347758736280599;0.00229101217447379;""
806.280116108253;0.00348799688221514;0.00229752512315328;806.280116108253;0.00348799688221514;0.00229752512315328;""
806.42147303135;0.00349694235642609;0.00230301835969946;806.42147303135;0.00349694235642609;0.00230301835969946;""
806.562823562371;0.00350377650384619;0.00230710682189393;806.562823562371;0.00350377650384619;0.00230710682189393;""
806.704167775532;0.00350812071123498;0.0023095811138706;806.704167775532;0.00350812071123498;0.0023095811138706;""
806.845505745046;0.00351067037932643;0.00231093410540881;806.845505745046;0.00351067037932643;0.00231093410540881;""
806.986837545131;0.00351238918281328;0.00231183407515741;806.986837545131;0.00351238918281328;0.00231183407515741;""
807.12816325;0.00351424054230754;0.00231294912582323;807.12816325;0.00351424054230754;0.00231294912582323;""
807.269482933869;0.00351718762942676;0.00231494718769819;807.269482933869;0.00351718762942676;0.00231494718769819;""
807.410796670954;0.00352219337187877;0.00231849602218552;807.410796670954;0.00352219337187877;0.00231849602218552;""
807.552104535468;0.00353022045854503;0.00232426322532496;807.552104535468;0.00353022045854503;0.00232426322532496;""
807.693406601629;0.00354182439665337;0.00233262758640139;807.693406601629;0.00354182439665337;0.00233262758640139;""
807.83470294365;0.00355593287094997;0.00234281329703276;807.83470294365;0.00355593287094997;0.00234281329703276;""
807.975993635747;0.00357106693289897;0.00235375613087713;807.975993635747;0.00357106693289897;0.00235375613087713;""
808.117278752136;0.00358574799088835;0.00236439211846862;808.117278752136;0.00358574799088835;0.00236439211846862;""
808.25855836703;0.0035984978024282;0.00237365754160348;808.25855836703;0.0035984978024282;0.00237365754160348;""
808.399832554647;0.00360783846635182;0.0023804889277281;808.399832554647;0.00360783846635182;0.0023804889277281;""
808.5411013892;0.00361229241501702;0.00238382304432724;808.5411013892;0.00361229241501702;0.00238382304432724;""
808.682364944905;0.00361122119343147;0.00238317545846847;808.682364944905;0.00361122119343147;0.00238317545846847;""
808.823623295978;0.00360734144138147;0.00238037597086373;808.823623295978;0.00360734144138147;0.00238037597086373;""
808.964876516632;0.00360420788785357;0.00237783247540416;808.964876516632;0.00360420788785357;0.00237783247540416;""
809.106124681085;0.00360537448882385;0.00237795234184153;809.106124681085;0.00360537448882385;0.00237795234184153;""
809.24736786355;0.003614394446001;0.00238314242848438;809.24736786355;0.003614394446001;0.00238314242848438;""
809.388606138243;0.00363482022556523;0.00239580909489112;809.388606138243;0.00363482022556523;0.00239580909489112;""
809.52983957938;0.00367020357690361;0.00241835821456094;809.52983957938;0.00367020357690361;0.00241835821456094;""
809.671068261174;0.00372409555134001;0.00245319518762089;809.671068261174;0.00372409555134001;0.00245319518762089;""
809.812292257843;0.00378842428890771;0.00249497708221248;809.812292257843;0.00378842428890771;0.00249497708221248;""
809.9535116436;0.00385275092616564;0.00253675761264047;809.9535116436;0.00385275092616564;0.00253675761264047;""
810.094726492661;0.00391707549691977;0.00257853680086205;810.094726492661;0.00391707549691977;0.00257853680086205;""
810.235936879242;0.00398139803497608;0.00262031466883441;810.235936879242;0.00398139803497608;0.00262031466883441;""
810.377142877556;0.0040457185741393;0.0026620912385139;810.377142877556;0.0040457185741393;0.0026620912385139;""
810.518344561821;0.00411003714821627;0.00270386653185829;810.518344561821;0.00411003714821627;0.00270386653185829;""
